Name,count,pos,neg,neu,Description,norm
ANG MO KIO,22527,11962.0128337547,4270.91113018585,6085.22918858078,"<html xmlns:fo=""http://www.w3.org/1999/XSL/Format"" xmlns:msxsl=""urn:schemas-microsoft-com:xslt""> <head> <META http-equiv=""Content-Type"" content=""text/html""> <meta http-equiv=""content-type"" content=""text/html; charset=UTF-8""> </head> <body style=""margin:0px 0px 0px 0px;overflow:auto;background:#FFFFFF;""> <table style=""font-family:Arial,Verdana,Times;font-size:12px;text-align:left;width:100%;border-collapse:collapse;padding:3px 3px 3px 3px""> <tr style=""text-align:center;font-weight:bold;background:#9CBCE2""> <td>ANG MO KIO</td> </tr> <tr> <td> <table style=""font-family:Arial,Verdana,Times;font-size:12px;text-align:left;width:100%;border-spacing:0px; padding:3px 3px 3px 3px""> <tr> <td>SHAPE</td> <td>Polygon</td> </tr> <tr bgcolor=""#D4E4F3""> <td>Planning Area Name</td> <td>ANG MO KIO</td> </tr> <tr> <td>Planning Area Code</td> <td>AM</td> </tr> <tr bgcolor=""#D4E4F3""> <td>Central Area Indicator</td> <td>N</td> </tr> <tr> <td>Region Name</td> <td>NORTH-EAST REGION</td> </tr> <tr bgcolor=""#D4E4F3""> <td>Region Code</td> <td>NER</td> </tr> <tr> <td>INC_CRC</td> <td>E5CBDDE0C2113055</td> </tr> <tr bgcolor=""#D4E4F3""> <td>FMEL_UPD_D</td> <td>12/5/2014 9:22:21 PM</td> </tr> <tr> <td>X_ADDR</td> <td>28976.8763</td> </tr> <tr bgcolor=""#D4E4F3""> <td>Y_ADDR</td> <td>40229.1238</td> </tr> <tr> <td>SHAPE_Length</td> <td>17494.24019</td> </tr> <tr bgcolor=""#D4E4F3""> <td>SHAPE_Area</td> <td>13941379.994287</td> </tr> </table> </td> </tr> </table> </body> </html>",0.341417041930521
BEDOK,32409,17329.800267261,6096.6852589111,8791.84316811536,"<html xmlns:fo=""http://www.w3.org/1999/XSL/Format"" xmlns:msxsl=""urn:schemas-microsoft-com:xslt""> <head> <META http-equiv=""Content-Type"" content=""text/html""> <meta http-equiv=""content-type"" content=""text/html; charset=UTF-8""> </head> <body style=""margin:0px 0px 0px 0px;overflow:auto;background:#FFFFFF;""> <table style=""font-family:Arial,Verdana,Times;font-size:12px;text-align:left;width:100%;border-collapse:collapse;padding:3px 3px 3px 3px""> <tr style=""text-align:center;font-weight:bold;background:#9CBCE2""> <td>BEDOK</td> </tr> <tr> <td> <table style=""font-family:Arial,Verdana,Times;font-size:12px;text-align:left;width:100%;border-spacing:0px; padding:3px 3px 3px 3px""> <tr> <td>SHAPE</td> <td>Polygon</td> </tr> <tr bgcolor=""#D4E4F3""> <td>Planning Area Name</td> <td>BEDOK</td> </tr> <tr> <td>Planning Area Code</td> <td>BD</td> </tr> <tr bgcolor=""#D4E4F3""> <td>Central Area Indicator</td> <td>N</td> </tr> <tr> <td>Region Name</td> <td>EAST REGION</td> </tr> <tr bgcolor=""#D4E4F3""> <td>Region Code</td> <td>ER</td> </tr> <tr> <td>INC_CRC</td> <td>1719251260799DF6</td> </tr> <tr bgcolor=""#D4E4F3""> <td>FMEL_UPD_D</td> <td>12/5/2014 9:22:21 PM</td> </tr> <tr> <td>X_ADDR</td> <td>38582.665</td> </tr> <tr bgcolor=""#D4E4F3""> <td>Y_ADDR</td> <td>34032.0961</td> </tr> <tr> <td>SHAPE_Length</td> <td>21872.798962</td> </tr> <tr bgcolor=""#D4E4F3""> <td>SHAPE_Area</td> <td>21733187.780729</td> </tr> </table> </td> </tr> </table> </body> </html>",0.346604801393127
BISHAN,15625,8308.47929536826,2758.47186506396,4348.39604327149,"<html xmlns:fo=""http://www.w3.org/1999/XSL/Format"" xmlns:msxsl=""urn:schemas-microsoft-com:xslt""> <head> <META http-equiv=""Content-Type"" content=""text/html""> <meta http-equiv=""content-type"" content=""text/html; charset=UTF-8""> </head> <body style=""margin:0px 0px 0px 0px;overflow:auto;background:#FFFFFF;""> <table style=""font-family:Arial,Verdana,Times;font-size:12px;text-align:left;width:100%;border-collapse:collapse;padding:3px 3px 3px 3px""> <tr style=""text-align:center;font-weight:bold;background:#9CBCE2""> <td>BISHAN</td> </tr> <tr> <td> <table style=""font-family:Arial,Verdana,Times;font-size:12px;text-align:left;width:100%;border-spacing:0px; padding:3px 3px 3px 3px""> <tr> <td>SHAPE</td> <td>Polygon</td> </tr> <tr bgcolor=""#D4E4F3""> <td>Planning Area Name</td> <td>BISHAN</td> </tr> <tr> <td>Planning Area Code</td> <td>BS</td> </tr> <tr bgcolor=""#D4E4F3""> <td>Central Area Indicator</td> <td>N</td> </tr> <tr> <td>Region Name</td> <td>CENTRAL REGION</td> </tr> <tr bgcolor=""#D4E4F3""> <td>Region Code</td> <td>CR</td> </tr> <tr> <td>INC_CRC</td> <td>BA616285F402846F</td> </tr> <tr bgcolor=""#D4E4F3""> <td>FMEL_UPD_D</td> <td>12/5/2014 9:22:21 PM</td> </tr> <tr> <td>X_ADDR</td> <td>28789.763</td> </tr> <tr bgcolor=""#D4E4F3""> <td>Y_ADDR</td> <td>37450.8865</td> </tr> <tr> <td>SHAPE_Length</td> <td>13517.121556</td> </tr> <tr bgcolor=""#D4E4F3""> <td>SHAPE_Area</td> <td>7618920.788455</td> </tr> </table> </td> </tr> </table> </body> </html>",0.355200475539475
BOON LAY,504,269.099818253968,79.5629174603175,147.370661904762,"<html xmlns:fo=""http://www.w3.org/1999/XSL/Format"" xmlns:msxsl=""urn:schemas-microsoft-com:xslt""> <head> <META http-equiv=""Content-Type"" content=""text/html""> <meta http-equiv=""content-type"" content=""text/html; charset=UTF-8""> </head> <body style=""margin:0px 0px 0px 0px;overflow:auto;background:#FFFFFF;""> <table style=""font-family:Arial,Verdana,Times;font-size:12px;text-align:left;width:100%;border-collapse:collapse;padding:3px 3px 3px 3px""> <tr style=""text-align:center;font-weight:bold;background:#9CBCE2""> <td>BOON LAY</td> </tr> <tr> <td> <table style=""font-family:Arial,Verdana,Times;font-size:12px;text-align:left;width:100%;border-spacing:0px; padding:3px 3px 3px 3px""> <tr> <td>SHAPE</td> <td>Polygon</td> </tr> <tr bgcolor=""#D4E4F3""> <td>Planning Area Name</td> <td>BOON LAY</td> </tr> <tr> <td>Planning Area Code</td> <td>BL</td> </tr> <tr bgcolor=""#D4E4F3""> <td>Central Area Indicator</td> <td>N</td> </tr> <tr> <td>Region Name</td> <td>WEST REGION</td> </tr> <tr bgcolor=""#D4E4F3""> <td>Region Code</td> <td>WR</td> </tr> <tr> <td>INC_CRC</td> <td>A3DC87118B43CDED</td> </tr> <tr bgcolor=""#D4E4F3""> <td>FMEL_UPD_D</td> <td>12/5/2014 9:22:21 PM</td> </tr> <tr> <td>X_ADDR</td> <td>13410.3824</td> </tr> <tr bgcolor=""#D4E4F3""> <td>Y_ADDR</td> <td>33008.9884</td> </tr> <tr> <td>SHAPE_Length</td> <td>18528.467448</td> </tr> <tr bgcolor=""#D4E4F3""> <td>SHAPE_Area</td> <td>8279408.150649</td> </tr> </table> </td> </tr> </table> </body> </html>",0.376065279352482
BUKIT BATOK,13443,6985.16269838962,2752.58303198957,3603.90546786985,"<html xmlns:fo=""http://www.w3.org/1999/XSL/Format"" xmlns:msxsl=""urn:schemas-microsoft-com:xslt""> <head> <META http-equiv=""Content-Type"" content=""text/html""> <meta http-equiv=""content-type"" content=""text/html; charset=UTF-8""> </head> <body style=""margin:0px 0px 0px 0px;overflow:auto;background:#FFFFFF;""> <table style=""font-family:Arial,Verdana,Times;font-size:12px;text-align:left;width:100%;border-collapse:collapse;padding:3px 3px 3px 3px""> <tr style=""text-align:center;font-weight:bold;background:#9CBCE2""> <td>BUKIT BATOK</td> </tr> <tr> <td> <table style=""font-family:Arial,Verdana,Times;font-size:12px;text-align:left;width:100%;border-spacing:0px; padding:3px 3px 3px 3px""> <tr> <td>SHAPE</td> <td>Polygon</td> </tr> <tr bgcolor=""#D4E4F3""> <td>Planning Area Name</td> <td>BUKIT BATOK</td> </tr> <tr> <td>Planning Area Code</td> <td>BK</td> </tr> <tr bgcolor=""#D4E4F3""> <td>Central Area Indicator</td> <td>N</td> </tr> <tr> <td>Region Name</td> <td>WEST REGION</td> </tr> <tr bgcolor=""#D4E4F3""> <td>Region Code</td> <td>WR</td> </tr> <tr> <td>INC_CRC</td> <td>FB44C870B04B7F57</td> </tr> <tr bgcolor=""#D4E4F3""> <td>FMEL_UPD_D</td> <td>12/5/2014 9:22:21 PM</td> </tr> <tr> <td>X_ADDR</td> <td>19255.415</td> </tr> <tr bgcolor=""#D4E4F3""> <td>Y_ADDR</td> <td>37527.6527</td> </tr> <tr> <td>SHAPE_Length</td> <td>15234.223423</td> </tr> <tr bgcolor=""#D4E4F3""> <td>SHAPE_Area</td> <td>11133256.371375</td> </tr> </table> </td> </tr> </table> </body> </html>",0.314853802454813
BUKIT MERAH,22231,11871.3742581937,4016.67676150334,6096.28526401198,"<html xmlns:fo=""http://www.w3.org/1999/XSL/Format"" xmlns:msxsl=""urn:schemas-microsoft-com:xslt""> <head> <META http-equiv=""Content-Type"" content=""text/html""> <meta http-equiv=""content-type"" content=""text/html; charset=UTF-8""> </head> <body style=""margin:0px 0px 0px 0px;overflow:auto;background:#FFFFFF;""> <table style=""font-family:Arial,Verdana,Times;font-size:12px;text-align:left;width:100%;border-collapse:collapse;padding:3px 3px 3px 3px""> <tr style=""text-align:center;font-weight:bold;background:#9CBCE2""> <td>BUKIT MERAH</td> </tr> <tr> <td> <table style=""font-family:Arial,Verdana,Times;font-size:12px;text-align:left;width:100%;border-spacing:0px; padding:3px 3px 3px 3px""> <tr> <td>SHAPE</td> <td>Polygon</td> </tr> <tr bgcolor=""#D4E4F3""> <td>Planning Area Name</td> <td>BUKIT MERAH</td> </tr> <tr> <td>Planning Area Code</td> <td>BM</td> </tr> <tr bgcolor=""#D4E4F3""> <td>Central Area Indicator</td> <td>N</td> </tr> <tr> <td>Region Name</td> <td>CENTRAL REGION</td> </tr> <tr bgcolor=""#D4E4F3""> <td>Region Code</td> <td>CR</td> </tr> <tr> <td>INC_CRC</td> <td>738B479882E4EE28</td> </tr> <tr bgcolor=""#D4E4F3""> <td>FMEL_UPD_D</td> <td>12/5/2014 9:22:21 PM</td> </tr> <tr> <td>X_ADDR</td> <td>26865.7838</td> </tr> <tr bgcolor=""#D4E4F3""> <td>Y_ADDR</td> <td>28662.8732</td> </tr> <tr> <td>SHAPE_Length</td> <td>29156.293788</td> </tr> <tr bgcolor=""#D4E4F3""> <td>SHAPE_Area</td> <td>14462471.888142</td> </tr> </table> </td> </tr> </table> </body> </html>",0.353321825230099
BUKIT PANJANG,12729,6617.779894847,2574.32840381661,3473.37738695673,"<html xmlns:fo=""http://www.w3.org/1999/XSL/Format"" xmlns:msxsl=""urn:schemas-microsoft-com:xslt""> <head> <META http-equiv=""Content-Type"" content=""text/html""> <meta http-equiv=""content-type"" content=""text/html; charset=UTF-8""> </head> <body style=""margin:0px 0px 0px 0px;overflow:auto;background:#FFFFFF;""> <table style=""font-family:Arial,Verdana,Times;font-size:12px;text-align:left;width:100%;border-collapse:collapse;padding:3px 3px 3px 3px""> <tr style=""text-align:center;font-weight:bold;background:#9CBCE2""> <td>BUKIT PANJANG</td> </tr> <tr> <td> <table style=""font-family:Arial,Verdana,Times;font-size:12px;text-align:left;width:100%;border-spacing:0px; padding:3px 3px 3px 3px""> <tr> <td>SHAPE</td> <td>Polygon</td> </tr> <tr bgcolor=""#D4E4F3""> <td>Planning Area Name</td> <td>BUKIT PANJANG</td> </tr> <tr> <td>Planning Area Code</td> <td>BP</td> </tr> <tr bgcolor=""#D4E4F3""> <td>Central Area Indicator</td> <td>N</td> </tr> <tr> <td>Region Name</td> <td>WEST REGION</td> </tr> <tr bgcolor=""#D4E4F3""> <td>Region Code</td> <td>WR</td> </tr> <tr> <td>INC_CRC</td> <td>4A9C6E6BAF7BE998</td> </tr> <tr bgcolor=""#D4E4F3""> <td>FMEL_UPD_D</td> <td>12/5/2014 9:22:21 PM</td> </tr> <tr> <td>X_ADDR</td> <td>21287.0436</td> </tr> <tr bgcolor=""#D4E4F3""> <td>Y_ADDR</td> <td>38761.8448</td> </tr> <tr> <td>SHAPE_Length</td> <td>15891.853279</td> </tr> <tr bgcolor=""#D4E4F3""> <td>SHAPE_Area</td> <td>9019939.837402</td> </tr> </table> </td> </tr> </table> </body> </html>",0.317656649464246
BUKIT TIMAH,10496,5787.46076295707,1595.91292462318,2969.20133202821,"<html xmlns:fo=""http://www.w3.org/1999/XSL/Format"" xmlns:msxsl=""urn:schemas-microsoft-com:xslt""> <head> <META http-equiv=""Content-Type"" content=""text/html""> <meta http-equiv=""content-type"" content=""text/html; charset=UTF-8""> </head> <body style=""margin:0px 0px 0px 0px;overflow:auto;background:#FFFFFF;""> <table style=""font-family:Arial,Verdana,Times;font-size:12px;text-align:left;width:100%;border-collapse:collapse;padding:3px 3px 3px 3px""> <tr style=""text-align:center;font-weight:bold;background:#9CBCE2""> <td>BUKIT TIMAH</td> </tr> <tr> <td> <table style=""font-family:Arial,Verdana,Times;font-size:12px;text-align:left;width:100%;border-spacing:0px; padding:3px 3px 3px 3px""> <tr> <td>SHAPE</td> <td>Polygon</td> </tr> <tr bgcolor=""#D4E4F3""> <td>Planning Area Name</td> <td>BUKIT TIMAH</td> </tr> <tr> <td>Planning Area Code</td> <td>BT</td> </tr> <tr bgcolor=""#D4E4F3""> <td>Central Area Indicator</td> <td>N</td> </tr> <tr> <td>Region Name</td> <td>CENTRAL REGION</td> </tr> <tr bgcolor=""#D4E4F3""> <td>Region Code</td> <td>CR</td> </tr> <tr> <td>INC_CRC</td> <td>C893AEAD20F42559</td> </tr> <tr bgcolor=""#D4E4F3""> <td>FMEL_UPD_D</td> <td>12/5/2014 9:22:21 PM</td> </tr> <tr> <td>X_ADDR</td> <td>23256.7643</td> </tr> <tr bgcolor=""#D4E4F3""> <td>Y_ADDR</td> <td>34689.0037</td> </tr> <tr> <td>SHAPE_Length</td> <td>22492.840844</td> </tr> <tr bgcolor=""#D4E4F3""> <td>SHAPE_Area</td> <td>17526653.856669</td> </tr> </table> </td> </tr> </table> </body> </html>",0.399347164475409
CENTRAL WATER CATCHMENT,2957,1557.40283243489,391.93130463967,974.654014799264,"<html xmlns:fo=""http://www.w3.org/1999/XSL/Format"" xmlns:msxsl=""urn:schemas-microsoft-com:xslt""> <head> <META http-equiv=""Content-Type"" content=""text/html""> <meta http-equiv=""content-type"" content=""text/html; charset=UTF-8""> </head> <body style=""margin:0px 0px 0px 0px;overflow:auto;background:#FFFFFF;""> <table style=""font-family:Arial,Verdana,Times;font-size:12px;text-align:left;width:100%;border-collapse:collapse;padding:3px 3px 3px 3px""> <tr style=""text-align:center;font-weight:bold;background:#9CBCE2""> <td>CENTRAL WATER CATCHMENT</td> </tr> <tr> <td> <table style=""font-family:Arial,Verdana,Times;font-size:12px;text-align:left;width:100%;border-spacing:0px; padding:3px 3px 3px 3px""> <tr> <td>SHAPE</td> <td>Polygon</td> </tr> <tr bgcolor=""#D4E4F3""> <td>Planning Area Name</td> <td>CENTRAL WATER CATCHMENT</td> </tr> <tr> <td>Planning Area Code</td> <td>CC</td> </tr> <tr bgcolor=""#D4E4F3""> <td>Central Area Indicator</td> <td>N</td> </tr> <tr> <td>Region Name</td> <td>NORTH REGION</td> </tr> <tr bgcolor=""#D4E4F3""> <td>Region Code</td> <td>NR</td> </tr> <tr> <td>INC_CRC</td> <td>52D0068508B0348A</td> </tr> <tr bgcolor=""#D4E4F3""> <td>FMEL_UPD_D</td> <td>12/5/2014 9:22:21 PM</td> </tr> <tr> <td>X_ADDR</td> <td>24424.4183</td> </tr> <tr bgcolor=""#D4E4F3""> <td>Y_ADDR</td> <td>39849.0456</td> </tr> <tr> <td>SHAPE_Length</td> <td>30538.246177</td> </tr> <tr bgcolor=""#D4E4F3""> <td>SHAPE_Area</td> <td>37147854.456277</td> </tr> </table> </td> </tr> </table> </body> </html>",0.394139847073121
CHANGI,18155,9606.26067565502,2540.92409641192,5672.29094785394,"<html xmlns:fo=""http://www.w3.org/1999/XSL/Format"" xmlns:msxsl=""urn:schemas-microsoft-com:xslt""> <head> <META http-equiv=""Content-Type"" content=""text/html""> <meta http-equiv=""content-type"" content=""text/html; charset=UTF-8""> </head> <body style=""margin:0px 0px 0px 0px;overflow:auto;background:#FFFFFF;""> <table style=""font-family:Arial,Verdana,Times;font-size:12px;text-align:left;width:100%;border-collapse:collapse;padding:3px 3px 3px 3px""> <tr style=""text-align:center;font-weight:bold;background:#9CBCE2""> <td>CHANGI</td> </tr> <tr> <td> <table style=""font-family:Arial,Verdana,Times;font-size:12px;text-align:left;width:100%;border-spacing:0px; padding:3px 3px 3px 3px""> <tr> <td>SHAPE</td> <td>Polygon</td> </tr> <tr bgcolor=""#D4E4F3""> <td>Planning Area Name</td> <td>CHANGI</td> </tr> <tr> <td>Planning Area Code</td> <td>CH</td> </tr> <tr bgcolor=""#D4E4F3""> <td>Central Area Indicator</td> <td>N</td> </tr> <tr> <td>Region Name</td> <td>EAST REGION</td> </tr> <tr bgcolor=""#D4E4F3""> <td>Region Code</td> <td>ER</td> </tr> <tr> <td>INC_CRC</td> <td>70EAFFC7C76EA5AD</td> </tr> <tr bgcolor=""#D4E4F3""> <td>FMEL_UPD_D</td> <td>12/5/2014 9:22:21 PM</td> </tr> <tr> <td>X_ADDR</td> <td>46307.4764</td> </tr> <tr bgcolor=""#D4E4F3""> <td>Y_ADDR</td> <td>36991.4264</td> </tr> <tr> <td>SHAPE_Length</td> <td>31342.123623</td> </tr> <tr bgcolor=""#D4E4F3""> <td>SHAPE_Area</td> <td>40940490.092915</td> </tr> </table> </td> </tr> </table> </body> </html>",0.389167533970978
CHANGI BAY,73,40.624425,9.641075,21.743,"<html xmlns:fo=""http://www.w3.org/1999/XSL/Format"" xmlns:msxsl=""urn:schemas-microsoft-com:xslt""> <head> <META http-equiv=""Content-Type"" content=""text/html""> <meta http-equiv=""content-type"" content=""text/html; charset=UTF-8""> </head> <body style=""margin:0px 0px 0px 0px;overflow:auto;background:#FFFFFF;""> <table style=""font-family:Arial,Verdana,Times;font-size:12px;text-align:left;width:100%;border-collapse:collapse;padding:3px 3px 3px 3px""> <tr style=""text-align:center;font-weight:bold;background:#9CBCE2""> <td>CHANGI BAY</td> </tr> <tr> <td> <table style=""font-family:Arial,Verdana,Times;font-size:12px;text-align:left;width:100%;border-spacing:0px; padding:3px 3px 3px 3px""> <tr> <td>SHAPE</td> <td>Polygon</td> </tr> <tr bgcolor=""#D4E4F3""> <td>Planning Area Name</td> <td>CHANGI BAY</td> </tr> <tr> <td>Planning Area Code</td> <td>CB</td> </tr> <tr bgcolor=""#D4E4F3""> <td>Central Area Indicator</td> <td>N</td> </tr> <tr> <td>Region Name</td> <td>EAST REGION</td> </tr> <tr bgcolor=""#D4E4F3""> <td>Region Code</td> <td>ER</td> </tr> <tr> <td>INC_CRC</td> <td>ACFD43D88C72381C</td> </tr> <tr bgcolor=""#D4E4F3""> <td>FMEL_UPD_D</td> <td>12/5/2014 9:22:21 PM</td> </tr> <tr> <td>X_ADDR</td> <td>49502.4866</td> </tr> <tr bgcolor=""#D4E4F3""> <td>Y_ADDR</td> <td>34316.5442</td> </tr> <tr> <td>SHAPE_Length</td> <td>18731.559966</td> </tr> <tr bgcolor=""#D4E4F3""> <td>SHAPE_Area</td> <td>1829821.689852</td> </tr> </table> </td> </tr> </table> </body> </html>",0.424429452054795
CHOA CHU KANG,26036,13707.9002660481,5230.77728689199,6967.76882944948,"<html xmlns:fo=""http://www.w3.org/1999/XSL/Format"" xmlns:msxsl=""urn:schemas-microsoft-com:xslt""> <head> <META http-equiv=""Content-Type"" content=""text/html""> <meta http-equiv=""content-type"" content=""text/html; charset=UTF-8""> </head> <body style=""margin:0px 0px 0px 0px;overflow:auto;background:#FFFFFF;""> <table style=""font-family:Arial,Verdana,Times;font-size:12px;text-align:left;width:100%;border-collapse:collapse;padding:3px 3px 3px 3px""> <tr style=""text-align:center;font-weight:bold;background:#9CBCE2""> <td>CHOA CHU KANG</td> </tr> <tr> <td> <table style=""font-family:Arial,Verdana,Times;font-size:12px;text-align:left;width:100%;border-spacing:0px; padding:3px 3px 3px 3px""> <tr> <td>SHAPE</td> <td>Polygon</td> </tr> <tr bgcolor=""#D4E4F3""> <td>Planning Area Name</td> <td>CHOA CHU KANG</td> </tr> <tr> <td>Planning Area Code</td> <td>CK</td> </tr> <tr bgcolor=""#D4E4F3""> <td>Central Area Indicator</td> <td>N</td> </tr> <tr> <td>Region Name</td> <td>WEST REGION</td> </tr> <tr bgcolor=""#D4E4F3""> <td>Region Code</td> <td>WR</td> </tr> <tr> <td>INC_CRC</td> <td>F361929FAF5E9611</td> </tr> <tr bgcolor=""#D4E4F3""> <td>FMEL_UPD_D</td> <td>12/5/2014 9:22:21 PM</td> </tr> <tr> <td>X_ADDR</td> <td>18415.0527</td> </tr> <tr bgcolor=""#D4E4F3""> <td>Y_ADDR</td> <td>40833.4225</td> </tr> <tr> <td>SHAPE_Length</td> <td>11518.805258</td> </tr> <tr bgcolor=""#D4E4F3""> <td>SHAPE_Area</td> <td>6117294.112906</td> </tr> </table> </td> </tr> </table> </body> </html>",0.325592371299589
CLEMENTI,9403,4908.72199714061,1832.90069301538,2566.51179768689,"<html xmlns:fo=""http://www.w3.org/1999/XSL/Format"" xmlns:msxsl=""urn:schemas-microsoft-com:xslt""> <head> <META http-equiv=""Content-Type"" content=""text/html""> <meta http-equiv=""content-type"" content=""text/html; charset=UTF-8""> </head> <body style=""margin:0px 0px 0px 0px;overflow:auto;background:#FFFFFF;""> <table style=""font-family:Arial,Verdana,Times;font-size:12px;text-align:left;width:100%;border-collapse:collapse;padding:3px 3px 3px 3px""> <tr style=""text-align:center;font-weight:bold;background:#9CBCE2""> <td>CLEMENTI</td> </tr> <tr> <td> <table style=""font-family:Arial,Verdana,Times;font-size:12px;text-align:left;width:100%;border-spacing:0px; padding:3px 3px 3px 3px""> <tr> <td>SHAPE</td> <td>Polygon</td> </tr> <tr bgcolor=""#D4E4F3""> <td>Planning Area Name</td> <td>CLEMENTI</td> </tr> <tr> <td>Planning Area Code</td> <td>CL</td> </tr> <tr bgcolor=""#D4E4F3""> <td>Central Area Indicator</td> <td>N</td> </tr> <tr> <td>Region Name</td> <td>WEST REGION</td> </tr> <tr bgcolor=""#D4E4F3""> <td>Region Code</td> <td>WR</td> </tr> <tr> <td>INC_CRC</td> <td>8A5BEDB748EAA0AA</td> </tr> <tr bgcolor=""#D4E4F3""> <td>FMEL_UPD_D</td> <td>12/5/2014 9:22:21 PM</td> </tr> <tr> <td>X_ADDR</td> <td>19923.3584</td> </tr> <tr bgcolor=""#D4E4F3""> <td>Y_ADDR</td> <td>33319.167</td> </tr> <tr> <td>SHAPE_Length</td> <td>15024.867875</td> </tr> <tr bgcolor=""#D4E4F3""> <td>SHAPE_Area</td> <td>9516228.023336</td> </tr> </table> </td> </tr> </table> </body> </html>",0.327110635342468
DOWNTOWN CORE,40516,22658.7942399412,5128.53855312234,11931.9362230244,"<html xmlns:fo=""http://www.w3.org/1999/XSL/Format"" xmlns:msxsl=""urn:schemas-microsoft-com:xslt""> <head> <META http-equiv=""Content-Type"" content=""text/html""> <meta http-equiv=""content-type"" content=""text/html; charset=UTF-8""> </head> <body style=""margin:0px 0px 0px 0px;overflow:auto;background:#FFFFFF;""> <table style=""font-family:Arial,Verdana,Times;font-size:12px;text-align:left;width:100%;border-collapse:collapse;padding:3px 3px 3px 3px""> <tr style=""text-align:center;font-weight:bold;background:#9CBCE2""> <td>DOWNTOWN CORE</td> </tr> <tr> <td> <table style=""font-family:Arial,Verdana,Times;font-size:12px;text-align:left;width:100%;border-spacing:0px; padding:3px 3px 3px 3px""> <tr> <td>SHAPE</td> <td>Polygon</td> </tr> <tr bgcolor=""#D4E4F3""> <td>Planning Area Name</td> <td>DOWNTOWN CORE</td> </tr> <tr> <td>Planning Area Code</td> <td>DT</td> </tr> <tr bgcolor=""#D4E4F3""> <td>Central Area Indicator</td> <td>Y</td> </tr> <tr> <td>Region Name</td> <td>CENTRAL REGION</td> </tr> <tr bgcolor=""#D4E4F3""> <td>Region Code</td> <td>CR</td> </tr> <tr> <td>INC_CRC</td> <td>5914236396CFDF82</td> </tr> <tr bgcolor=""#D4E4F3""> <td>FMEL_UPD_D</td> <td>12/5/2014 9:22:21 PM</td> </tr> <tr> <td>X_ADDR</td> <td>30335.1872</td> </tr> <tr bgcolor=""#D4E4F3""> <td>Y_ADDR</td> <td>29721.4517</td> </tr> <tr> <td>SHAPE_Length</td> <td>12142.075255</td> </tr> <tr bgcolor=""#D4E4F3""> <td>SHAPE_Area</td> <td>4468713.355311</td> </tr> </table> </td> </tr> </table> </body> </html>",0.432674886139274
GEYLANG,16623,8740.89446699193,3219.9253690602,4517.90338255157,"<html xmlns:fo=""http://www.w3.org/1999/XSL/Format"" xmlns:msxsl=""urn:schemas-microsoft-com:xslt""> <head> <META http-equiv=""Content-Type"" content=""text/html""> <meta http-equiv=""content-type"" content=""text/html; charset=UTF-8""> </head> <body style=""margin:0px 0px 0px 0px;overflow:auto;background:#FFFFFF;""> <table style=""font-family:Arial,Verdana,Times;font-size:12px;text-align:left;width:100%;border-collapse:collapse;padding:3px 3px 3px 3px""> <tr style=""text-align:center;font-weight:bold;background:#9CBCE2""> <td>GEYLANG</td> </tr> <tr> <td> <table style=""font-family:Arial,Verdana,Times;font-size:12px;text-align:left;width:100%;border-spacing:0px; padding:3px 3px 3px 3px""> <tr> <td>SHAPE</td> <td>Polygon</td> </tr> <tr bgcolor=""#D4E4F3""> <td>Planning Area Name</td> <td>GEYLANG</td> </tr> <tr> <td>Planning Area Code</td> <td>GL</td> </tr> <tr bgcolor=""#D4E4F3""> <td>Central Area Indicator</td> <td>N</td> </tr> <tr> <td>Region Name</td> <td>CENTRAL REGION</td> </tr> <tr bgcolor=""#D4E4F3""> <td>Region Code</td> <td>CR</td> </tr> <tr> <td>INC_CRC</td> <td>957AC76DACFDE12E</td> </tr> <tr bgcolor=""#D4E4F3""> <td>FMEL_UPD_D</td> <td>12/5/2014 9:22:21 PM</td> </tr> <tr> <td>X_ADDR</td> <td>34255.0407</td> </tr> <tr bgcolor=""#D4E4F3""> <td>Y_ADDR</td> <td>33683.819</td> </tr> <tr> <td>SHAPE_Length</td> <td>12959.116844</td> </tr> <tr bgcolor=""#D4E4F3""> <td>SHAPE_Area</td> <td>9643155.556361</td> </tr> </table> </td> </tr> </table> </body> </html>",0.332128322079753
HOUGANG,23257,12130.6376485115,4289.91361168828,6300.36215160575,"<html xmlns:fo=""http://www.w3.org/1999/XSL/Format"" xmlns:msxsl=""urn:schemas-microsoft-com:xslt""> <head> <META http-equiv=""Content-Type"" content=""text/html""> <meta http-equiv=""content-type"" content=""text/html; charset=UTF-8""> </head> <body style=""margin:0px 0px 0px 0px;overflow:auto;background:#FFFFFF;""> <table style=""font-family:Arial,Verdana,Times;font-size:12px;text-align:left;width:100%;border-collapse:collapse;padding:3px 3px 3px 3px""> <tr style=""text-align:center;font-weight:bold;background:#9CBCE2""> <td>HOUGANG</td> </tr> <tr> <td> <table style=""font-family:Arial,Verdana,Times;font-size:12px;text-align:left;width:100%;border-spacing:0px; padding:3px 3px 3px 3px""> <tr> <td>SHAPE</td> <td>Polygon</td> </tr> <tr bgcolor=""#D4E4F3""> <td>Planning Area Name</td> <td>HOUGANG</td> </tr> <tr> <td>Planning Area Code</td> <td>HG</td> </tr> <tr bgcolor=""#D4E4F3""> <td>Central Area Indicator</td> <td>N</td> </tr> <tr> <td>Region Name</td> <td>NORTH-EAST REGION</td> </tr> <tr bgcolor=""#D4E4F3""> <td>Region Code</td> <td>NER</td> </tr> <tr> <td>INC_CRC</td> <td>486168254785786B</td> </tr> <tr bgcolor=""#D4E4F3""> <td>FMEL_UPD_D</td> <td>12/5/2014 9:22:21 PM</td> </tr> <tr> <td>X_ADDR</td> <td>34285.7643</td> </tr> <tr bgcolor=""#D4E4F3""> <td>Y_ADDR</td> <td>38409.6987</td> </tr> <tr> <td>SHAPE_Length</td> <td>18300.976141</td> </tr> <tr bgcolor=""#D4E4F3""> <td>SHAPE_Area</td> <td>13933185.403039</td> </tr> </table> </td> </tr> </table> </body> </html>",0.33713393975247
JURONG EAST,15659,8587.10792452958,2717.76367359754,4222.84656362545,"<html xmlns:fo=""http://www.w3.org/1999/XSL/Format"" xmlns:msxsl=""urn:schemas-microsoft-com:xslt""> <head> <META http-equiv=""Content-Type"" content=""text/html""> <meta http-equiv=""content-type"" content=""text/html; charset=UTF-8""> </head> <body style=""margin:0px 0px 0px 0px;overflow:auto;background:#FFFFFF;""> <table style=""font-family:Arial,Verdana,Times;font-size:12px;text-align:left;width:100%;border-collapse:collapse;padding:3px 3px 3px 3px""> <tr style=""text-align:center;font-weight:bold;background:#9CBCE2""> <td>JURONG EAST</td> </tr> <tr> <td> <table style=""font-family:Arial,Verdana,Times;font-size:12px;text-align:left;width:100%;border-spacing:0px; padding:3px 3px 3px 3px""> <tr> <td>SHAPE</td> <td>Polygon</td> </tr> <tr bgcolor=""#D4E4F3""> <td>Planning Area Name</td> <td>JURONG EAST</td> </tr> <tr> <td>Planning Area Code</td> <td>JE</td> </tr> <tr bgcolor=""#D4E4F3""> <td>Central Area Indicator</td> <td>N</td> </tr> <tr> <td>Region Name</td> <td>WEST REGION</td> </tr> <tr bgcolor=""#D4E4F3""> <td>Region Code</td> <td>WR</td> </tr> <tr> <td>INC_CRC</td> <td>D72351F1113079A2</td> </tr> <tr bgcolor=""#D4E4F3""> <td>FMEL_UPD_D</td> <td>12/5/2014 9:22:21 PM</td> </tr> <tr> <td>X_ADDR</td> <td>17035.36</td> </tr> <tr bgcolor=""#D4E4F3""> <td>Y_ADDR</td> <td>33633.6903</td> </tr> <tr> <td>SHAPE_Length</td> <td>27340.817292</td> </tr> <tr bgcolor=""#D4E4F3""> <td>SHAPE_Area</td> <td>17858613.322854</td> </tr> </table> </td> </tr> </table> </body> </html>",0.374822418477044
JURONG WEST,31767,16614.009964111,6506.70139022566,8448.59946924141,"<html xmlns:fo=""http://www.w3.org/1999/XSL/Format"" xmlns:msxsl=""urn:schemas-microsoft-com:xslt""> <head> <META http-equiv=""Content-Type"" content=""text/html""> <meta http-equiv=""content-type"" content=""text/html; charset=UTF-8""> </head> <body style=""margin:0px 0px 0px 0px;overflow:auto;background:#FFFFFF;""> <table style=""font-family:Arial,Verdana,Times;font-size:12px;text-align:left;width:100%;border-collapse:collapse;padding:3px 3px 3px 3px""> <tr style=""text-align:center;font-weight:bold;background:#9CBCE2""> <td>JURONG WEST</td> </tr> <tr> <td> <table style=""font-family:Arial,Verdana,Times;font-size:12px;text-align:left;width:100%;border-spacing:0px; padding:3px 3px 3px 3px""> <tr> <td>SHAPE</td> <td>Polygon</td> </tr> <tr bgcolor=""#D4E4F3""> <td>Planning Area Name</td> <td>JURONG WEST</td> </tr> <tr> <td>Planning Area Code</td> <td>JW</td> </tr> <tr bgcolor=""#D4E4F3""> <td>Central Area Indicator</td> <td>N</td> </tr> <tr> <td>Region Name</td> <td>WEST REGION</td> </tr> <tr bgcolor=""#D4E4F3""> <td>Region Code</td> <td>WR</td> </tr> <tr> <td>INC_CRC</td> <td>28E2463E2A0FC995</td> </tr> <tr bgcolor=""#D4E4F3""> <td>FMEL_UPD_D</td> <td>12/5/2014 9:22:21 PM</td> </tr> <tr> <td>X_ADDR</td> <td>13708.686</td> </tr> <tr bgcolor=""#D4E4F3""> <td>Y_ADDR</td> <td>35974.5292</td> </tr> <tr> <td>SHAPE_Length</td> <td>19330.298768</td> </tr> <tr bgcolor=""#D4E4F3""> <td>SHAPE_Area</td> <td>14680540.047669</td> </tr> </table> </td> </tr> </table> </body> </html>",0.31817006874698
KALLANG,21503,11588.3281541554,3621.85811091854,6012.8594400865,"<html xmlns:fo=""http://www.w3.org/1999/XSL/Format"" xmlns:msxsl=""urn:schemas-microsoft-com:xslt""> <head> <META http-equiv=""Content-Type"" content=""text/html""> <meta http-equiv=""content-type"" content=""text/html; charset=UTF-8""> </head> <body style=""margin:0px 0px 0px 0px;overflow:auto;background:#FFFFFF;""> <table style=""font-family:Arial,Verdana,Times;font-size:12px;text-align:left;width:100%;border-collapse:collapse;padding:3px 3px 3px 3px""> <tr style=""text-align:center;font-weight:bold;background:#9CBCE2""> <td>KALLANG</td> </tr> <tr> <td> <table style=""font-family:Arial,Verdana,Times;font-size:12px;text-align:left;width:100%;border-spacing:0px; padding:3px 3px 3px 3px""> <tr> <td>SHAPE</td> <td>Polygon</td> </tr> <tr bgcolor=""#D4E4F3""> <td>Planning Area Name</td> <td>KALLANG</td> </tr> <tr> <td>Planning Area Code</td> <td>KL</td> </tr> <tr bgcolor=""#D4E4F3""> <td>Central Area Indicator</td> <td>N</td> </tr> <tr> <td>Region Name</td> <td>CENTRAL REGION</td> </tr> <tr bgcolor=""#D4E4F3""> <td>Region Code</td> <td>CR</td> </tr> <tr> <td>INC_CRC</td> <td>229F1481FF686959</td> </tr> <tr bgcolor=""#D4E4F3""> <td>FMEL_UPD_D</td> <td>12/5/2014 9:22:21 PM</td> </tr> <tr> <td>X_ADDR</td> <td>31685.373</td> </tr> <tr bgcolor=""#D4E4F3""> <td>Y_ADDR</td> <td>32515.7735</td> </tr> <tr> <td>SHAPE_Length</td> <td>15584.137724</td> </tr> <tr bgcolor=""#D4E4F3""> <td>SHAPE_Area</td> <td>9169901.640442</td> </tr> </table> </td> </tr> </table> </body> </html>",0.370481795248888
LIM CHU KANG,267,145.930888888889,37.2930752525253,81.8072955266955,"<html xmlns:fo=""http://www.w3.org/1999/XSL/Format"" xmlns:msxsl=""urn:schemas-microsoft-com:xslt""> <head> <META http-equiv=""Content-Type"" content=""text/html""> <meta http-equiv=""content-type"" content=""text/html; charset=UTF-8""> </head> <body style=""margin:0px 0px 0px 0px;overflow:auto;background:#FFFFFF;""> <table style=""font-family:Arial,Verdana,Times;font-size:12px;text-align:left;width:100%;border-collapse:collapse;padding:3px 3px 3px 3px""> <tr style=""text-align:center;font-weight:bold;background:#9CBCE2""> <td>LIM CHU KANG</td> </tr> <tr> <td> <table style=""font-family:Arial,Verdana,Times;font-size:12px;text-align:left;width:100%;border-spacing:0px; padding:3px 3px 3px 3px""> <tr> <td>SHAPE</td> <td>Polygon</td> </tr> <tr bgcolor=""#D4E4F3""> <td>Planning Area Name</td> <td>LIM CHU KANG</td> </tr> <tr> <td>Planning Area Code</td> <td>LK</td> </tr> <tr bgcolor=""#D4E4F3""> <td>Central Area Indicator</td> <td>N</td> </tr> <tr> <td>Region Name</td> <td>NORTH REGION</td> </tr> <tr bgcolor=""#D4E4F3""> <td>Region Code</td> <td>NR</td> </tr> <tr> <td>INC_CRC</td> <td>E4489A08FC8CCAF7</td> </tr> <tr bgcolor=""#D4E4F3""> <td>FMEL_UPD_D</td> <td>12/5/2014 9:22:21 PM</td> </tr> <tr> <td>X_ADDR</td> <td>15309.8168</td> </tr> <tr bgcolor=""#D4E4F3""> <td>Y_ADDR</td> <td>45819.0414</td> </tr> <tr> <td>SHAPE_Length</td> <td>18733.836251</td> </tr> <tr bgcolor=""#D4E4F3""> <td>SHAPE_Area</td> <td>17494884.184213</td> </tr> </table> </td> </tr> </table> </body> </html>",0.406883197139939
MANDAI,784,429.169522619048,142.37681547619,208.473211904762,"<html xmlns:fo=""http://www.w3.org/1999/XSL/Format"" xmlns:msxsl=""urn:schemas-microsoft-com:xslt""> <head> <META http-equiv=""Content-Type"" content=""text/html""> <meta http-equiv=""content-type"" content=""text/html; charset=UTF-8""> </head> <body style=""margin:0px 0px 0px 0px;overflow:auto;background:#FFFFFF;""> <table style=""font-family:Arial,Verdana,Times;font-size:12px;text-align:left;width:100%;border-collapse:collapse;padding:3px 3px 3px 3px""> <tr style=""text-align:center;font-weight:bold;background:#9CBCE2""> <td>MANDAI</td> </tr> <tr> <td> <table style=""font-family:Arial,Verdana,Times;font-size:12px;text-align:left;width:100%;border-spacing:0px; padding:3px 3px 3px 3px""> <tr> <td>SHAPE</td> <td>Polygon</td> </tr> <tr bgcolor=""#D4E4F3""> <td>Planning Area Name</td> <td>MANDAI</td> </tr> <tr> <td>Planning Area Code</td> <td>MD</td> </tr> <tr bgcolor=""#D4E4F3""> <td>Central Area Indicator</td> <td>N</td> </tr> <tr> <td>Region Name</td> <td>NORTH REGION</td> </tr> <tr bgcolor=""#D4E4F3""> <td>Region Code</td> <td>NR</td> </tr> <tr> <td>INC_CRC</td> <td>1AEBC042AF3913C4</td> </tr> <tr bgcolor=""#D4E4F3""> <td>FMEL_UPD_D</td> <td>12/5/2014 9:22:21 PM</td> </tr> <tr> <td>X_ADDR</td> <td>24566.11</td> </tr> <tr bgcolor=""#D4E4F3""> <td>Y_ADDR</td> <td>45042.5004</td> </tr> <tr> <td>SHAPE_Length</td> <td>17658.817065</td> </tr> <tr bgcolor=""#D4E4F3""> <td>SHAPE_Area</td> <td>11766080.499825</td> </tr> </table> </td> </tr> </table> </body> </html>",0.36580702441691
MARINA EAST,162,87.7515166666667,23.1097952380952,47.1472904761905,"<html xmlns:fo=""http://www.w3.org/1999/XSL/Format"" xmlns:msxsl=""urn:schemas-microsoft-com:xslt""> <head> <META http-equiv=""Content-Type"" content=""text/html""> <meta http-equiv=""content-type"" content=""text/html; charset=UTF-8""> </head> <body style=""margin:0px 0px 0px 0px;overflow:auto;background:#FFFFFF;""> <table style=""font-family:Arial,Verdana,Times;font-size:12px;text-align:left;width:100%;border-collapse:collapse;padding:3px 3px 3px 3px""> <tr style=""text-align:center;font-weight:bold;background:#9CBCE2""> <td>MARINA EAST</td> </tr> <tr> <td> <table style=""font-family:Arial,Verdana,Times;font-size:12px;text-align:left;width:100%;border-spacing:0px; padding:3px 3px 3px 3px""> <tr> <td>SHAPE</td> <td>Polygon</td> </tr> <tr bgcolor=""#D4E4F3""> <td>Planning Area Name</td> <td>MARINA EAST</td> </tr> <tr> <td>Planning Area Code</td> <td>ME</td> </tr> <tr bgcolor=""#D4E4F3""> <td>Central Area Indicator</td> <td>Y</td> </tr> <tr> <td>Region Name</td> <td>CENTRAL REGION</td> </tr> <tr bgcolor=""#D4E4F3""> <td>Region Code</td> <td>CR</td> </tr> <tr> <td>INC_CRC</td> <td>782A2FAF8A3659C5</td> </tr> <tr bgcolor=""#D4E4F3""> <td>FMEL_UPD_D</td> <td>12/5/2014 9:22:21 PM</td> </tr> <tr> <td>X_ADDR</td> <td>32344.0489</td> </tr> <tr bgcolor=""#D4E4F3""> <td>Y_ADDR</td> <td>30103.2495</td> </tr> <tr> <td>SHAPE_Length</td> <td>6470.949643</td> </tr> <tr bgcolor=""#D4E4F3""> <td>SHAPE_Area</td> <td>1844060.674683</td> </tr> </table> </td> </tr> </table> </body> </html>",0.399022971781305
MARINA SOUTH,6304,3628.89792053964,632.864118544136,1951.58940761922,"<html xmlns:fo=""http://www.w3.org/1999/XSL/Format"" xmlns:msxsl=""urn:schemas-microsoft-com:xslt""> <head> <META http-equiv=""Content-Type"" content=""text/html""> <meta http-equiv=""content-type"" content=""text/html; charset=UTF-8""> </head> <body style=""margin:0px 0px 0px 0px;overflow:auto;background:#FFFFFF;""> <table style=""font-family:Arial,Verdana,Times;font-size:12px;text-align:left;width:100%;border-collapse:collapse;padding:3px 3px 3px 3px""> <tr style=""text-align:center;font-weight:bold;background:#9CBCE2""> <td>MARINA SOUTH</td> </tr> <tr> <td> <table style=""font-family:Arial,Verdana,Times;font-size:12px;text-align:left;width:100%;border-spacing:0px; padding:3px 3px 3px 3px""> <tr> <td>SHAPE</td> <td>Polygon</td> </tr> <tr bgcolor=""#D4E4F3""> <td>Planning Area Name</td> <td>MARINA SOUTH</td> </tr> <tr> <td>Planning Area Code</td> <td>MS</td> </tr> <tr bgcolor=""#D4E4F3""> <td>Central Area Indicator</td> <td>Y</td> </tr> <tr> <td>Region Name</td> <td>CENTRAL REGION</td> </tr> <tr bgcolor=""#D4E4F3""> <td>Region Code</td> <td>CR</td> </tr> <tr> <td>INC_CRC</td> <td>5ED7EB250108CED5</td> </tr> <tr bgcolor=""#D4E4F3""> <td>FMEL_UPD_D</td> <td>12/5/2014 9:22:21 PM</td> </tr> <tr> <td>X_ADDR</td> <td>31595.8357</td> </tr> <tr bgcolor=""#D4E4F3""> <td>Y_ADDR</td> <td>29220.1873</td> </tr> <tr> <td>SHAPE_Length</td> <td>5267.381024</td> </tr> <tr bgcolor=""#D4E4F3""> <td>SHAPE_Area</td> <td>1630379.267999</td> </tr> </table> </td> </tr> </table> </body> </html>",0.475259169098271
MARINE PARADE,5769,3179.63200902268,881.944739721716,1597.59736115469,"<html xmlns:fo=""http://www.w3.org/1999/XSL/Format"" xmlns:msxsl=""urn:schemas-microsoft-com:xslt""> <head> <META http-equiv=""Content-Type"" content=""text/html""> <meta http-equiv=""content-type"" content=""text/html; charset=UTF-8""> </head> <body style=""margin:0px 0px 0px 0px;overflow:auto;background:#FFFFFF;""> <table style=""font-family:Arial,Verdana,Times;font-size:12px;text-align:left;width:100%;border-collapse:collapse;padding:3px 3px 3px 3px""> <tr style=""text-align:center;font-weight:bold;background:#9CBCE2""> <td>MARINE PARADE</td> </tr> <tr> <td> <table style=""font-family:Arial,Verdana,Times;font-size:12px;text-align:left;width:100%;border-spacing:0px; padding:3px 3px 3px 3px""> <tr> <td>SHAPE</td> <td>Polygon</td> </tr> <tr bgcolor=""#D4E4F3""> <td>Planning Area Name</td> <td>MARINE PARADE</td> </tr> <tr> <td>Planning Area Code</td> <td>MP</td> </tr> <tr bgcolor=""#D4E4F3""> <td>Central Area Indicator</td> <td>N</td> </tr> <tr> <td>Region Name</td> <td>CENTRAL REGION</td> </tr> <tr bgcolor=""#D4E4F3""> <td>Region Code</td> <td>CR</td> </tr> <tr> <td>INC_CRC</td> <td>6351E8FE95B3D9E9</td> </tr> <tr bgcolor=""#D4E4F3""> <td>FMEL_UPD_D</td> <td>12/5/2014 9:22:21 PM</td> </tr> <tr> <td>X_ADDR</td> <td>35005.8631</td> </tr> <tr bgcolor=""#D4E4F3""> <td>Y_ADDR</td> <td>31398.3307</td> </tr> <tr> <td>SHAPE_Length</td> <td>13952.63216</td> </tr> <tr bgcolor=""#D4E4F3""> <td>SHAPE_Area</td> <td>6134751.303452</td> </tr> </table> </td> </tr> </table> </body> </html>",0.398281724614484
MUSEUM,7313,4061.19293088856,968.040572032134,2148.20208450022,"<html xmlns:fo=""http://www.w3.org/1999/XSL/Format"" xmlns:msxsl=""urn:schemas-microsoft-com:xslt""> <head> <META http-equiv=""Content-Type"" content=""text/html""> <meta http-equiv=""content-type"" content=""text/html; charset=UTF-8""> </head> <body style=""margin:0px 0px 0px 0px;overflow:auto;background:#FFFFFF;""> <table style=""font-family:Arial,Verdana,Times;font-size:12px;text-align:left;width:100%;border-collapse:collapse;padding:3px 3px 3px 3px""> <tr style=""text-align:center;font-weight:bold;background:#9CBCE2""> <td>MUSEUM</td> </tr> <tr> <td> <table style=""font-family:Arial,Verdana,Times;font-size:12px;text-align:left;width:100%;border-spacing:0px; padding:3px 3px 3px 3px""> <tr> <td>SHAPE</td> <td>Polygon</td> </tr> <tr bgcolor=""#D4E4F3""> <td>Planning Area Name</td> <td>MUSEUM</td> </tr> <tr> <td>Planning Area Code</td> <td>MU</td> </tr> <tr bgcolor=""#D4E4F3""> <td>Central Area Indicator</td> <td>Y</td> </tr> <tr> <td>Region Name</td> <td>CENTRAL REGION</td> </tr> <tr bgcolor=""#D4E4F3""> <td>Region Code</td> <td>CR</td> </tr> <tr> <td>INC_CRC</td> <td>C9417DF702E29BA1</td> </tr> <tr bgcolor=""#D4E4F3""> <td>FMEL_UPD_D</td> <td>12/5/2014 9:22:21 PM</td> </tr> <tr> <td>X_ADDR</td> <td>29490.7892</td> </tr> <tr bgcolor=""#D4E4F3""> <td>Y_ADDR</td> <td>30921.3539</td> </tr> <tr> <td>SHAPE_Length</td> <td>4385.926738</td> </tr> <tr bgcolor=""#D4E4F3""> <td>SHAPE_Area</td> <td>830273.058461</td> </tr> </table> </td> </tr> </table> </body> </html>",0.422966273602683
NEWTON,2420,1334.24525178571,379.723826190476,683.145524404762,"<html xmlns:fo=""http://www.w3.org/1999/XSL/Format"" xmlns:msxsl=""urn:schemas-microsoft-com:xslt""> <head> <META http-equiv=""Content-Type"" content=""text/html""> <meta http-equiv=""content-type"" content=""text/html; charset=UTF-8""> </head> <body style=""margin:0px 0px 0px 0px;overflow:auto;background:#FFFFFF;""> <table style=""font-family:Arial,Verdana,Times;font-size:12px;text-align:left;width:100%;border-collapse:collapse;padding:3px 3px 3px 3px""> <tr style=""text-align:center;font-weight:bold;background:#9CBCE2""> <td>NEWTON</td> </tr> <tr> <td> <table style=""font-family:Arial,Verdana,Times;font-size:12px;text-align:left;width:100%;border-spacing:0px; padding:3px 3px 3px 3px""> <tr> <td>SHAPE</td> <td>Polygon</td> </tr> <tr bgcolor=""#D4E4F3""> <td>Planning Area Name</td> <td>NEWTON</td> </tr> <tr> <td>Planning Area Code</td> <td>NT</td> </tr> <tr bgcolor=""#D4E4F3""> <td>Central Area Indicator</td> <td>Y</td> </tr> <tr> <td>Region Name</td> <td>CENTRAL REGION</td> </tr> <tr bgcolor=""#D4E4F3""> <td>Region Code</td> <td>CR</td> </tr> <tr> <td>INC_CRC</td> <td>1DE4AA639FDF20AC</td> </tr> <tr bgcolor=""#D4E4F3""> <td>FMEL_UPD_D</td> <td>12/5/2014 9:22:21 PM</td> </tr> <tr> <td>X_ADDR</td> <td>28529.6572</td> </tr> <tr bgcolor=""#D4E4F3""> <td>Y_ADDR</td> <td>32330.4948</td> </tr> <tr> <td>SHAPE_Length</td> <td>8886.285814</td> </tr> <tr bgcolor=""#D4E4F3""> <td>SHAPE_Area</td> <td>2068721.523279</td> </tr> </table> </td> </tr> </table> </body> </html>",0.394430341155057
NORTH-EASTERN ISLANDS,295,157.051957142857,42.0102404761905,88.93615,"<html xmlns:fo=""http://www.w3.org/1999/XSL/Format"" xmlns:msxsl=""urn:schemas-microsoft-com:xslt""> <head> <META http-equiv=""Content-Type"" content=""text/html""> <meta http-equiv=""content-type"" content=""text/html; charset=UTF-8""> </head> <body style=""margin:0px 0px 0px 0px;overflow:auto;background:#FFFFFF;""> <table style=""font-family:Arial,Verdana,Times;font-size:12px;text-align:left;width:100%;border-collapse:collapse;padding:3px 3px 3px 3px""> <tr style=""text-align:center;font-weight:bold;background:#9CBCE2""> <td>NORTH-EASTERN ISLANDS</td> </tr> <tr> <td> <table style=""font-family:Arial,Verdana,Times;font-size:12px;text-align:left;width:100%;border-spacing:0px; padding:3px 3px 3px 3px""> <tr> <td>SHAPE</td> <td>Polygon</td> </tr> <tr bgcolor=""#D4E4F3""> <td>Planning Area Name</td> <td>NORTH-EASTERN ISLANDS</td> </tr> <tr> <td>Planning Area Code</td> <td>NE</td> </tr> <tr bgcolor=""#D4E4F3""> <td>Central Area Indicator</td> <td>N</td> </tr> <tr> <td>Region Name</td> <td>NORTH-EAST REGION</td> </tr> <tr bgcolor=""#D4E4F3""> <td>Region Code</td> <td>NER</td> </tr> <tr> <td>INC_CRC</td> <td>92BC3E09ACAE5FEA</td> </tr> <tr bgcolor=""#D4E4F3""> <td>FMEL_UPD_D</td> <td>12/5/2014 9:22:21 PM</td> </tr> <tr> <td>X_ADDR</td> <td>50424.7923</td> </tr> <tr bgcolor=""#D4E4F3""> <td>Y_ADDR</td> <td>42612.8784</td> </tr> <tr> <td>SHAPE_Length</td> <td>62436.23535</td> </tr> <tr bgcolor=""#D4E4F3""> <td>SHAPE_Area</td> <td>67250562.960002</td> </tr> </table> </td> </tr> </table> </body> </html>",0.389971920903955
NOVENA,9231,4998.61010381896,1553.78273590945,2588.57527922172,"<html xmlns:fo=""http://www.w3.org/1999/XSL/Format"" xmlns:msxsl=""urn:schemas-microsoft-com:xslt""> <head> <META http-equiv=""Content-Type"" content=""text/html""> <meta http-equiv=""content-type"" content=""text/html; charset=UTF-8""> </head> <body style=""margin:0px 0px 0px 0px;overflow:auto;background:#FFFFFF;""> <table style=""font-family:Arial,Verdana,Times;font-size:12px;text-align:left;width:100%;border-collapse:collapse;padding:3px 3px 3px 3px""> <tr style=""text-align:center;font-weight:bold;background:#9CBCE2""> <td>NOVENA</td> </tr> <tr> <td> <table style=""font-family:Arial,Verdana,Times;font-size:12px;text-align:left;width:100%;border-spacing:0px; padding:3px 3px 3px 3px""> <tr> <td>SHAPE</td> <td>Polygon</td> </tr> <tr bgcolor=""#D4E4F3""> <td>Planning Area Name</td> <td>NOVENA</td> </tr> <tr> <td>Planning Area Code</td> <td>NV</td> </tr> <tr bgcolor=""#D4E4F3""> <td>Central Area Indicator</td> <td>N</td> </tr> <tr> <td>Region Name</td> <td>CENTRAL REGION</td> </tr> <tr bgcolor=""#D4E4F3""> <td>Region Code</td> <td>CR</td> </tr> <tr> <td>INC_CRC</td> <td>916F55DE440B0D0E</td> </tr> <tr bgcolor=""#D4E4F3""> <td>FMEL_UPD_D</td> <td>12/5/2014 9:22:21 PM</td> </tr> <tr> <td>X_ADDR</td> <td>28221.5058</td> </tr> <tr bgcolor=""#D4E4F3""> <td>Y_ADDR</td> <td>34356.6386</td> </tr> <tr> <td>SHAPE_Length</td> <td>14804.900308</td> </tr> <tr bgcolor=""#D4E4F3""> <td>SHAPE_Area</td> <td>8968012.419282</td> </tr> </table> </td> </tr> </table> </body> </html>",0.373180302015979
ORCHARD,26904,15083.8207246418,3706.76470427818,7675.51412887189,"<html xmlns:fo=""http://www.w3.org/1999/XSL/Format"" xmlns:msxsl=""urn:schemas-microsoft-com:xslt""> <head> <META http-equiv=""Content-Type"" content=""text/html""> <meta http-equiv=""content-type"" content=""text/html; charset=UTF-8""> </head> <body style=""margin:0px 0px 0px 0px;overflow:auto;background:#FFFFFF;""> <table style=""font-family:Arial,Verdana,Times;font-size:12px;text-align:left;width:100%;border-collapse:collapse;padding:3px 3px 3px 3px""> <tr style=""text-align:center;font-weight:bold;background:#9CBCE2""> <td>ORCHARD</td> </tr> <tr> <td> <table style=""font-family:Arial,Verdana,Times;font-size:12px;text-align:left;width:100%;border-spacing:0px; padding:3px 3px 3px 3px""> <tr> <td>SHAPE</td> <td>Polygon</td> </tr> <tr bgcolor=""#D4E4F3""> <td>Planning Area Name</td> <td>ORCHARD</td> </tr> <tr> <td>Planning Area Code</td> <td>OR</td> </tr> <tr bgcolor=""#D4E4F3""> <td>Central Area Indicator</td> <td>Y</td> </tr> <tr> <td>Region Name</td> <td>CENTRAL REGION</td> </tr> <tr bgcolor=""#D4E4F3""> <td>Region Code</td> <td>CR</td> </tr> <tr> <td>INC_CRC</td> <td>4DFCD59D0FACF7C5</td> </tr> <tr bgcolor=""#D4E4F3""> <td>FMEL_UPD_D</td> <td>12/5/2014 9:22:21 PM</td> </tr> <tr> <td>X_ADDR</td> <td>28029.1422</td> </tr> <tr bgcolor=""#D4E4F3""> <td>Y_ADDR</td> <td>31793.8582</td> </tr> <tr> <td>SHAPE_Length</td> <td>7276.209756</td> </tr> <tr bgcolor=""#D4E4F3""> <td>SHAPE_Area</td> <td>957525.428432</td> </tr> </table> </td> </tr> </table> </body> </html>",0.422876004325143
OUTRAM,9579,5173.69727992242,1496.39381266022,2709.39107653669,"<html xmlns:fo=""http://www.w3.org/1999/XSL/Format"" xmlns:msxsl=""urn:schemas-microsoft-com:xslt""> <head> <META http-equiv=""Content-Type"" content=""text/html""> <meta http-equiv=""content-type"" content=""text/html; charset=UTF-8""> </head> <body style=""margin:0px 0px 0px 0px;overflow:auto;background:#FFFFFF;""> <table style=""font-family:Arial,Verdana,Times;font-size:12px;text-align:left;width:100%;border-collapse:collapse;padding:3px 3px 3px 3px""> <tr style=""text-align:center;font-weight:bold;background:#9CBCE2""> <td>OUTRAM</td> </tr> <tr> <td> <table style=""font-family:Arial,Verdana,Times;font-size:12px;text-align:left;width:100%;border-spacing:0px; padding:3px 3px 3px 3px""> <tr> <td>SHAPE</td> <td>Polygon</td> </tr> <tr bgcolor=""#D4E4F3""> <td>Planning Area Name</td> <td>OUTRAM</td> </tr> <tr> <td>Planning Area Code</td> <td>OT</td> </tr> <tr bgcolor=""#D4E4F3""> <td>Central Area Indicator</td> <td>Y</td> </tr> <tr> <td>Region Name</td> <td>CENTRAL REGION</td> </tr> <tr bgcolor=""#D4E4F3""> <td>Region Code</td> <td>CR</td> </tr> <tr> <td>INC_CRC</td> <td>736C77537EA35E27</td> </tr> <tr bgcolor=""#D4E4F3""> <td>FMEL_UPD_D</td> <td>12/5/2014 9:22:21 PM</td> </tr> <tr> <td>X_ADDR</td> <td>28972.9577</td> </tr> <tr bgcolor=""#D4E4F3""> <td>Y_ADDR</td> <td>29477.4886</td> </tr> <tr> <td>SHAPE_Length</td> <td>6158.958333</td> </tr> <tr bgcolor=""#D4E4F3""> <td>SHAPE_Area</td> <td>1373186.297957</td> </tr> </table> </td> </tr> </table> </body> </html>",0.383892208713039
PASIR RIS,20082,10450.7428923333,4116.69129299614,5384.49044126776,"<html xmlns:fo=""http://www.w3.org/1999/XSL/Format"" xmlns:msxsl=""urn:schemas-microsoft-com:xslt""> <head> <META http-equiv=""Content-Type"" content=""text/html""> <meta http-equiv=""content-type"" content=""text/html; charset=UTF-8""> </head> <body style=""margin:0px 0px 0px 0px;overflow:auto;background:#FFFFFF;""> <table style=""font-family:Arial,Verdana,Times;font-size:12px;text-align:left;width:100%;border-collapse:collapse;padding:3px 3px 3px 3px""> <tr style=""text-align:center;font-weight:bold;background:#9CBCE2""> <td>PASIR RIS</td> </tr> <tr> <td> <table style=""font-family:Arial,Verdana,Times;font-size:12px;text-align:left;width:100%;border-spacing:0px; padding:3px 3px 3px 3px""> <tr> <td>SHAPE</td> <td>Polygon</td> </tr> <tr bgcolor=""#D4E4F3""> <td>Planning Area Name</td> <td>PASIR RIS</td> </tr> <tr> <td>Planning Area Code</td> <td>PR</td> </tr> <tr bgcolor=""#D4E4F3""> <td>Central Area Indicator</td> <td>N</td> </tr> <tr> <td>Region Name</td> <td>EAST REGION</td> </tr> <tr bgcolor=""#D4E4F3""> <td>Region Code</td> <td>ER</td> </tr> <tr> <td>INC_CRC</td> <td>69E0AC0FE45B2A77</td> </tr> <tr bgcolor=""#D4E4F3""> <td>FMEL_UPD_D</td> <td>12/5/2014 9:22:21 PM</td> </tr> <tr> <td>X_ADDR</td> <td>40795.8397</td> </tr> <tr bgcolor=""#D4E4F3""> <td>Y_ADDR</td> <td>40066.4108</td> </tr> <tr> <td>SHAPE_Length</td> <td>22425.806005</td> </tr> <tr bgcolor=""#D4E4F3""> <td>SHAPE_Area</td> <td>15809578.743929</td> </tr> </table> </td> </tr> </table> </body> </html>",0.315409401421032
PAYA LEBAR,498,254.47954047619,103.703033333333,136.838842857143,"<html xmlns:fo=""http://www.w3.org/1999/XSL/Format"" xmlns:msxsl=""urn:schemas-microsoft-com:xslt""> <head> <META http-equiv=""Content-Type"" content=""text/html""> <meta http-equiv=""content-type"" content=""text/html; charset=UTF-8""> </head> <body style=""margin:0px 0px 0px 0px;overflow:auto;background:#FFFFFF;""> <table style=""font-family:Arial,Verdana,Times;font-size:12px;text-align:left;width:100%;border-collapse:collapse;padding:3px 3px 3px 3px""> <tr style=""text-align:center;font-weight:bold;background:#9CBCE2""> <td>PAYA LEBAR</td> </tr> <tr> <td> <table style=""font-family:Arial,Verdana,Times;font-size:12px;text-align:left;width:100%;border-spacing:0px; padding:3px 3px 3px 3px""> <tr> <td>SHAPE</td> <td>Polygon</td> </tr> <tr bgcolor=""#D4E4F3""> <td>Planning Area Name</td> <td>PAYA LEBAR</td> </tr> <tr> <td>Planning Area Code</td> <td>PL</td> </tr> <tr bgcolor=""#D4E4F3""> <td>Central Area Indicator</td> <td>N</td> </tr> <tr> <td>Region Name</td> <td>EAST REGION</td> </tr> <tr bgcolor=""#D4E4F3""> <td>Region Code</td> <td>ER</td> </tr> <tr> <td>INC_CRC</td> <td>BD0F96ABEF38B9F6</td> </tr> <tr bgcolor=""#D4E4F3""> <td>FMEL_UPD_D</td> <td>12/5/2014 9:22:21 PM</td> </tr> <tr> <td>X_ADDR</td> <td>37065.5554</td> </tr> <tr bgcolor=""#D4E4F3""> <td>Y_ADDR</td> <td>37940.8911</td> </tr> <tr> <td>SHAPE_Length</td> <td>15196.818795</td> </tr> <tr bgcolor=""#D4E4F3""> <td>SHAPE_Area</td> <td>11685832.211067</td> </tr> </table> </td> </tr> </table> </body> </html>",0.302764070567986
PIONEER,521,267.538583802309,110.306896031746,141.18763502886,"<html xmlns:fo=""http://www.w3.org/1999/XSL/Format"" xmlns:msxsl=""urn:schemas-microsoft-com:xslt""> <head> <META http-equiv=""Content-Type"" content=""text/html""> <meta http-equiv=""content-type"" content=""text/html; charset=UTF-8""> </head> <body style=""margin:0px 0px 0px 0px;overflow:auto;background:#FFFFFF;""> <table style=""font-family:Arial,Verdana,Times;font-size:12px;text-align:left;width:100%;border-collapse:collapse;padding:3px 3px 3px 3px""> <tr style=""text-align:center;font-weight:bold;background:#9CBCE2""> <td>PIONEER</td> </tr> <tr> <td> <table style=""font-family:Arial,Verdana,Times;font-size:12px;text-align:left;width:100%;border-spacing:0px; padding:3px 3px 3px 3px""> <tr> <td>SHAPE</td> <td>Polygon</td> </tr> <tr bgcolor=""#D4E4F3""> <td>Planning Area Name</td> <td>PIONEER</td> </tr> <tr> <td>Planning Area Code</td> <td>PN</td> </tr> <tr bgcolor=""#D4E4F3""> <td>Central Area Indicator</td> <td>N</td> </tr> <tr> <td>Region Name</td> <td>WEST REGION</td> </tr> <tr bgcolor=""#D4E4F3""> <td>Region Code</td> <td>WR</td> </tr> <tr> <td>INC_CRC</td> <td>3AF012CC0BE1DF82</td> </tr> <tr bgcolor=""#D4E4F3""> <td>FMEL_UPD_D</td> <td>12/5/2014 9:22:21 PM</td> </tr> <tr> <td>X_ADDR</td> <td>10156.666</td> </tr> <tr bgcolor=""#D4E4F3""> <td>Y_ADDR</td> <td>32765.2907</td> </tr> <tr> <td>SHAPE_Length</td> <td>20540.684361</td> </tr> <tr bgcolor=""#D4E4F3""> <td>SHAPE_Area</td> <td>12217910.693697</td> </tr> </table> </td> </tr> </table> </body> </html>",0.301788268273633
PUNGGOL,9717,5145.16460119048,1685.11252370407,2805.047495449,"<html xmlns:fo=""http://www.w3.org/1999/XSL/Format"" xmlns:msxsl=""urn:schemas-microsoft-com:xslt""> <head> <META http-equiv=""Content-Type"" content=""text/html""> <meta http-equiv=""content-type"" content=""text/html; charset=UTF-8""> </head> <body style=""margin:0px 0px 0px 0px;overflow:auto;background:#FFFFFF;""> <table style=""font-family:Arial,Verdana,Times;font-size:12px;text-align:left;width:100%;border-collapse:collapse;padding:3px 3px 3px 3px""> <tr style=""text-align:center;font-weight:bold;background:#9CBCE2""> <td>PUNGGOL</td> </tr> <tr> <td> <table style=""font-family:Arial,Verdana,Times;font-size:12px;text-align:left;width:100%;border-spacing:0px; padding:3px 3px 3px 3px""> <tr> <td>SHAPE</td> <td>Polygon</td> </tr> <tr bgcolor=""#D4E4F3""> <td>Planning Area Name</td> <td>PUNGGOL</td> </tr> <tr> <td>Planning Area Code</td> <td>PG</td> </tr> <tr bgcolor=""#D4E4F3""> <td>Central Area Indicator</td> <td>N</td> </tr> <tr> <td>Region Name</td> <td>NORTH-EAST REGION</td> </tr> <tr bgcolor=""#D4E4F3""> <td>Region Code</td> <td>NER</td> </tr> <tr> <td>INC_CRC</td> <td>ACABACFD09B4EBEE</td> </tr> <tr bgcolor=""#D4E4F3""> <td>FMEL_UPD_D</td> <td>12/5/2014 9:22:21 PM</td> </tr> <tr> <td>X_ADDR</td> <td>36538.4181</td> </tr> <tr bgcolor=""#D4E4F3""> <td>Y_ADDR</td> <td>43023.5561</td> </tr> <tr> <td>SHAPE_Length</td> <td>13833.934642</td> </tr> <tr bgcolor=""#D4E4F3""> <td>SHAPE_Area</td> <td>9377350.961519</td> </tr> </table> </td> </tr> </table> </body> </html>",0.356082337911537
QUEENSTOWN,16236,8643.67355829946,2915.3330910941,4479.77107193079,"<html xmlns:fo=""http://www.w3.org/1999/XSL/Format"" xmlns:msxsl=""urn:schemas-microsoft-com:xslt""> <head> <META http-equiv=""Content-Type"" content=""text/html""> <meta http-equiv=""content-type"" content=""text/html; charset=UTF-8""> </head> <body style=""margin:0px 0px 0px 0px;overflow:auto;background:#FFFFFF;""> <table style=""font-family:Arial,Verdana,Times;font-size:12px;text-align:left;width:100%;border-collapse:collapse;padding:3px 3px 3px 3px""> <tr style=""text-align:center;font-weight:bold;background:#9CBCE2""> <td>QUEENSTOWN</td> </tr> <tr> <td> <table style=""font-family:Arial,Verdana,Times;font-size:12px;text-align:left;width:100%;border-spacing:0px; padding:3px 3px 3px 3px""> <tr> <td>SHAPE</td> <td>Polygon</td> </tr> <tr bgcolor=""#D4E4F3""> <td>Planning Area Name</td> <td>QUEENSTOWN</td> </tr> <tr> <td>Planning Area Code</td> <td>QT</td> </tr> <tr bgcolor=""#D4E4F3""> <td>Central Area Indicator</td> <td>N</td> </tr> <tr> <td>Region Name</td> <td>CENTRAL REGION</td> </tr> <tr bgcolor=""#D4E4F3""> <td>Region Code</td> <td>CR</td> </tr> <tr> <td>INC_CRC</td> <td>3CB2E20AC22FDB3D</td> </tr> <tr bgcolor=""#D4E4F3""> <td>FMEL_UPD_D</td> <td>12/5/2014 9:22:21 PM</td> </tr> <tr> <td>X_ADDR</td> <td>22573.4605</td> </tr> <tr bgcolor=""#D4E4F3""> <td>Y_ADDR</td> <td>30164.6999</td> </tr> <tr> <td>SHAPE_Length</td> <td>34082.508022</td> </tr> <tr bgcolor=""#D4E4F3""> <td>SHAPE_Area</td> <td>21672762.52852</td> </tr> </table> </td> </tr> </table> </body> </html>",0.352817225129673
RIVER VALLEY,1585,871.625876587302,241.221571428571,453.209983730159,"<html xmlns:fo=""http://www.w3.org/1999/XSL/Format"" xmlns:msxsl=""urn:schemas-microsoft-com:xslt""> <head> <META http-equiv=""Content-Type"" content=""text/html""> <meta http-equiv=""content-type"" content=""text/html; charset=UTF-8""> </head> <body style=""margin:0px 0px 0px 0px;overflow:auto;background:#FFFFFF;""> <table style=""font-family:Arial,Verdana,Times;font-size:12px;text-align:left;width:100%;border-collapse:collapse;padding:3px 3px 3px 3px""> <tr style=""text-align:center;font-weight:bold;background:#9CBCE2""> <td>RIVER VALLEY</td> </tr> <tr> <td> <table style=""font-family:Arial,Verdana,Times;font-size:12px;text-align:left;width:100%;border-spacing:0px; padding:3px 3px 3px 3px""> <tr> <td>SHAPE</td> <td>Polygon</td> </tr> <tr bgcolor=""#D4E4F3""> <td>Planning Area Name</td> <td>RIVER VALLEY</td> </tr> <tr> <td>Planning Area Code</td> <td>RV</td> </tr> <tr bgcolor=""#D4E4F3""> <td>Central Area Indicator</td> <td>Y</td> </tr> <tr> <td>Region Name</td> <td>CENTRAL REGION</td> </tr> <tr bgcolor=""#D4E4F3""> <td>Region Code</td> <td>CR</td> </tr> <tr> <td>INC_CRC</td> <td>3873927C9F28D311</td> </tr> <tr bgcolor=""#D4E4F3""> <td>FMEL_UPD_D</td> <td>12/5/2014 9:22:21 PM</td> </tr> <tr> <td>X_ADDR</td> <td>28072.9131</td> </tr> <tr bgcolor=""#D4E4F3""> <td>Y_ADDR</td> <td>31156.9405</td> </tr> <tr> <td>SHAPE_Length</td> <td>6500.525518</td> </tr> <tr bgcolor=""#D4E4F3""> <td>SHAPE_Area</td> <td>1474964.128112</td> </tr> </table> </td> </tr> </table> </body> </html>",0.397731422813079
ROCHOR,16513,9096.65069670861,2418.10349295435,4749.90189682508,"<html xmlns:fo=""http://www.w3.org/1999/XSL/Format"" xmlns:msxsl=""urn:schemas-microsoft-com:xslt""> <head> <META http-equiv=""Content-Type"" content=""text/html""> <meta http-equiv=""content-type"" content=""text/html; charset=UTF-8""> </head> <body style=""margin:0px 0px 0px 0px;overflow:auto;background:#FFFFFF;""> <table style=""font-family:Arial,Verdana,Times;font-size:12px;text-align:left;width:100%;border-collapse:collapse;padding:3px 3px 3px 3px""> <tr style=""text-align:center;font-weight:bold;background:#9CBCE2""> <td>ROCHOR</td> </tr> <tr> <td> <table style=""font-family:Arial,Verdana,Times;font-size:12px;text-align:left;width:100%;border-spacing:0px; padding:3px 3px 3px 3px""> <tr> <td>SHAPE</td> <td>Polygon</td> </tr> <tr bgcolor=""#D4E4F3""> <td>Planning Area Name</td> <td>ROCHOR</td> </tr> <tr> <td>Planning Area Code</td> <td>RC</td> </tr> <tr bgcolor=""#D4E4F3""> <td>Central Area Indicator</td> <td>Y</td> </tr> <tr> <td>Region Name</td> <td>CENTRAL REGION</td> </tr> <tr bgcolor=""#D4E4F3""> <td>Region Code</td> <td>CR</td> </tr> <tr> <td>INC_CRC</td> <td>56597B444C0B3106</td> </tr> <tr bgcolor=""#D4E4F3""> <td>FMEL_UPD_D</td> <td>12/5/2014 9:22:21 PM</td> </tr> <tr> <td>X_ADDR</td> <td>30219.3193</td> </tr> <tr bgcolor=""#D4E4F3""> <td>Y_ADDR</td> <td>31843.5189</td> </tr> <tr> <td>SHAPE_Length</td> <td>7849.959032</td> </tr> <tr bgcolor=""#D4E4F3""> <td>SHAPE_Area</td> <td>1618241.134809</td> </tr> </table> </td> </tr> </table> </body> </html>",0.40444178548745
SELETAR,210,103.446683838384,38.2317472582973,65.3177157287157,"<html xmlns:fo=""http://www.w3.org/1999/XSL/Format"" xmlns:msxsl=""urn:schemas-microsoft-com:xslt""> <head> <META http-equiv=""Content-Type"" content=""text/html""> <meta http-equiv=""content-type"" content=""text/html; charset=UTF-8""> </head> <body style=""margin:0px 0px 0px 0px;overflow:auto;background:#FFFFFF;""> <table style=""font-family:Arial,Verdana,Times;font-size:12px;text-align:left;width:100%;border-collapse:collapse;padding:3px 3px 3px 3px""> <tr style=""text-align:center;font-weight:bold;background:#9CBCE2""> <td>SELETAR</td> </tr> <tr> <td> <table style=""font-family:Arial,Verdana,Times;font-size:12px;text-align:left;width:100%;border-spacing:0px; padding:3px 3px 3px 3px""> <tr> <td>SHAPE</td> <td>Polygon</td> </tr> <tr bgcolor=""#D4E4F3""> <td>Planning Area Name</td> <td>SELETAR</td> </tr> <tr> <td>Planning Area Code</td> <td>SL</td> </tr> <tr bgcolor=""#D4E4F3""> <td>Central Area Indicator</td> <td>N</td> </tr> <tr> <td>Region Name</td> <td>NORTH-EAST REGION</td> </tr> <tr bgcolor=""#D4E4F3""> <td>Region Code</td> <td>NER</td> </tr> <tr> <td>INC_CRC</td> <td>9D39537C03217C6F</td> </tr> <tr bgcolor=""#D4E4F3""> <td>FMEL_UPD_D</td> <td>12/5/2014 9:22:21 PM</td> </tr> <tr> <td>X_ADDR</td> <td>32872.3908</td> </tr> <tr bgcolor=""#D4E4F3""> <td>Y_ADDR</td> <td>44016.2208</td> </tr> <tr> <td>SHAPE_Length</td> <td>15103.704116</td> </tr> <tr bgcolor=""#D4E4F3""> <td>SHAPE_Area</td> <td>10847704.856976</td> </tr> </table> </td> </tr> </table> </body> </html>",0.310547317048031
SEMBAWANG,7386,3761.20778491169,1546.38050081481,2020.73321382575,"<html xmlns:fo=""http://www.w3.org/1999/XSL/Format"" xmlns:msxsl=""urn:schemas-microsoft-com:xslt""> <head> <META http-equiv=""Content-Type"" content=""text/html""> <meta http-equiv=""content-type"" content=""text/html; charset=UTF-8""> </head> <body style=""margin:0px 0px 0px 0px;overflow:auto;background:#FFFFFF;""> <table style=""font-family:Arial,Verdana,Times;font-size:12px;text-align:left;width:100%;border-collapse:collapse;padding:3px 3px 3px 3px""> <tr style=""text-align:center;font-weight:bold;background:#9CBCE2""> <td>SEMBAWANG</td> </tr> <tr> <td> <table style=""font-family:Arial,Verdana,Times;font-size:12px;text-align:left;width:100%;border-spacing:0px; padding:3px 3px 3px 3px""> <tr> <td>SHAPE</td> <td>Polygon</td> </tr> <tr bgcolor=""#D4E4F3""> <td>Planning Area Name</td> <td>SEMBAWANG</td> </tr> <tr> <td>Planning Area Code</td> <td>SB</td> </tr> <tr bgcolor=""#D4E4F3""> <td>Central Area Indicator</td> <td>N</td> </tr> <tr> <td>Region Name</td> <td>NORTH REGION</td> </tr> <tr bgcolor=""#D4E4F3""> <td>Region Code</td> <td>NR</td> </tr> <tr> <td>INC_CRC</td> <td>E09108C7592EF5E8</td> </tr> <tr bgcolor=""#D4E4F3""> <td>FMEL_UPD_D</td> <td>12/5/2014 9:22:21 PM</td> </tr> <tr> <td>X_ADDR</td> <td>26387.3981</td> </tr> <tr bgcolor=""#D4E4F3""> <td>Y_ADDR</td> <td>48594.6356</td> </tr> <tr> <td>SHAPE_Length</td> <td>21493.532366</td> </tr> <tr bgcolor=""#D4E4F3""> <td>SHAPE_Area</td> <td>12636355.80073</td> </tr> </table> </td> </tr> </table> </body> </html>",0.299868302748021
SENGKANG,18931,10052.3137541843,3582.3300331024,5201.54409036325,"<html xmlns:fo=""http://www.w3.org/1999/XSL/Format"" xmlns:msxsl=""urn:schemas-microsoft-com:xslt""> <head> <META http-equiv=""Content-Type"" content=""text/html""> <meta http-equiv=""content-type"" content=""text/html; charset=UTF-8""> </head> <body style=""margin:0px 0px 0px 0px;overflow:auto;background:#FFFFFF;""> <table style=""font-family:Arial,Verdana,Times;font-size:12px;text-align:left;width:100%;border-collapse:collapse;padding:3px 3px 3px 3px""> <tr style=""text-align:center;font-weight:bold;background:#9CBCE2""> <td>SENGKANG</td> </tr> <tr> <td> <table style=""font-family:Arial,Verdana,Times;font-size:12px;text-align:left;width:100%;border-spacing:0px; padding:3px 3px 3px 3px""> <tr> <td>SHAPE</td> <td>Polygon</td> </tr> <tr bgcolor=""#D4E4F3""> <td>Planning Area Name</td> <td>SENGKANG</td> </tr> <tr> <td>Planning Area Code</td> <td>SE</td> </tr> <tr bgcolor=""#D4E4F3""> <td>Central Area Indicator</td> <td>N</td> </tr> <tr> <td>Region Name</td> <td>NORTH-EAST REGION</td> </tr> <tr bgcolor=""#D4E4F3""> <td>Region Code</td> <td>NER</td> </tr> <tr> <td>INC_CRC</td> <td>393104C2DCC0FC8A</td> </tr> <tr bgcolor=""#D4E4F3""> <td>FMEL_UPD_D</td> <td>12/5/2014 9:22:21 PM</td> </tr> <tr> <td>X_ADDR</td> <td>34051.8248</td> </tr> <tr bgcolor=""#D4E4F3""> <td>Y_ADDR</td> <td>41466.1775</td> </tr> <tr> <td>SHAPE_Length</td> <td>17024.688499</td> </tr> <tr bgcolor=""#D4E4F3""> <td>SHAPE_Area</td> <td>10602843.397382</td> </tr> </table> </td> </tr> </table> </body> </html>",0.341766611435312
SERANGOON,13315,7281.30707903524,2357.48430283912,3565.89795564532,"<html xmlns:fo=""http://www.w3.org/1999/XSL/Format"" xmlns:msxsl=""urn:schemas-microsoft-com:xslt""> <head> <META http-equiv=""Content-Type"" content=""text/html""> <meta http-equiv=""content-type"" content=""text/html; charset=UTF-8""> </head> <body style=""margin:0px 0px 0px 0px;overflow:auto;background:#FFFFFF;""> <table style=""font-family:Arial,Verdana,Times;font-size:12px;text-align:left;width:100%;border-collapse:collapse;padding:3px 3px 3px 3px""> <tr style=""text-align:center;font-weight:bold;background:#9CBCE2""> <td>SERANGOON</td> </tr> <tr> <td> <table style=""font-family:Arial,Verdana,Times;font-size:12px;text-align:left;width:100%;border-spacing:0px; padding:3px 3px 3px 3px""> <tr> <td>SHAPE</td> <td>Polygon</td> </tr> <tr bgcolor=""#D4E4F3""> <td>Planning Area Name</td> <td>SERANGOON</td> </tr> <tr> <td>Planning Area Code</td> <td>SG</td> </tr> <tr bgcolor=""#D4E4F3""> <td>Central Area Indicator</td> <td>N</td> </tr> <tr> <td>Region Name</td> <td>NORTH-EAST REGION</td> </tr> <tr bgcolor=""#D4E4F3""> <td>Region Code</td> <td>NER</td> </tr> <tr> <td>INC_CRC</td> <td>2A7069F3FC33F547</td> </tr> <tr bgcolor=""#D4E4F3""> <td>FMEL_UPD_D</td> <td>12/5/2014 9:22:21 PM</td> </tr> <tr> <td>X_ADDR</td> <td>31839.3834</td> </tr> <tr bgcolor=""#D4E4F3""> <td>Y_ADDR</td> <td>38582.587</td> </tr> <tr> <td>SHAPE_Length</td> <td>16149.009896</td> </tr> <tr bgcolor=""#D4E4F3""> <td>SHAPE_Area</td> <td>10100544.258925</td> </tr> </table> </td> </tr> </table> </body> </html>",0.36979517658251
SIMPANG,9,5.15783333333333,1.68033333333333,2.16416666666667,"<html xmlns:fo=""http://www.w3.org/1999/XSL/Format"" xmlns:msxsl=""urn:schemas-microsoft-com:xslt""> <head> <META http-equiv=""Content-Type"" content=""text/html""> <meta http-equiv=""content-type"" content=""text/html; charset=UTF-8""> </head> <body style=""margin:0px 0px 0px 0px;overflow:auto;background:#FFFFFF;""> <table style=""font-family:Arial,Verdana,Times;font-size:12px;text-align:left;width:100%;border-collapse:collapse;padding:3px 3px 3px 3px""> <tr style=""text-align:center;font-weight:bold;background:#9CBCE2""> <td>SIMPANG</td> </tr> <tr> <td> <table style=""font-family:Arial,Verdana,Times;font-size:12px;text-align:left;width:100%;border-spacing:0px; padding:3px 3px 3px 3px""> <tr> <td>SHAPE</td> <td>Polygon</td> </tr> <tr bgcolor=""#D4E4F3""> <td>Planning Area Name</td> <td>SIMPANG</td> </tr> <tr> <td>Planning Area Code</td> <td>SM</td> </tr> <tr bgcolor=""#D4E4F3""> <td>Central Area Indicator</td> <td>N</td> </tr> <tr> <td>Region Name</td> <td>NORTH REGION</td> </tr> <tr bgcolor=""#D4E4F3""> <td>Region Code</td> <td>NR</td> </tr> <tr> <td>INC_CRC</td> <td>B5B8509F389104C6</td> </tr> <tr bgcolor=""#D4E4F3""> <td>FMEL_UPD_D</td> <td>12/5/2014 9:22:21 PM</td> </tr> <tr> <td>X_ADDR</td> <td>30181.2593</td> </tr> <tr bgcolor=""#D4E4F3""> <td>Y_ADDR</td> <td>47305.151</td> </tr> <tr> <td>SHAPE_Length</td> <td>18102.012417</td> </tr> <tr bgcolor=""#D4E4F3""> <td>SHAPE_Area</td> <td>8283191.219882</td> </tr> </table> </td> </tr> </table> </body> </html>",0.386388888888889
SINGAPORE RIVER,10375,5990.89818829538,1301.52887045273,2921.27548977858,"<html xmlns:fo=""http://www.w3.org/1999/XSL/Format"" xmlns:msxsl=""urn:schemas-microsoft-com:xslt""> <head> <META http-equiv=""Content-Type"" content=""text/html""> <meta http-equiv=""content-type"" content=""text/html; charset=UTF-8""> </head> <body style=""margin:0px 0px 0px 0px;overflow:auto;background:#FFFFFF;""> <table style=""font-family:Arial,Verdana,Times;font-size:12px;text-align:left;width:100%;border-collapse:collapse;padding:3px 3px 3px 3px""> <tr style=""text-align:center;font-weight:bold;background:#9CBCE2""> <td>SINGAPORE RIVER</td> </tr> <tr> <td> <table style=""font-family:Arial,Verdana,Times;font-size:12px;text-align:left;width:100%;border-spacing:0px; padding:3px 3px 3px 3px""> <tr> <td>SHAPE</td> <td>Polygon</td> </tr> <tr bgcolor=""#D4E4F3""> <td>Planning Area Name</td> <td>SINGAPORE RIVER</td> </tr> <tr> <td>Planning Area Code</td> <td>SR</td> </tr> <tr bgcolor=""#D4E4F3""> <td>Central Area Indicator</td> <td>Y</td> </tr> <tr> <td>Region Name</td> <td>CENTRAL REGION</td> </tr> <tr bgcolor=""#D4E4F3""> <td>Region Code</td> <td>CR</td> </tr> <tr> <td>INC_CRC</td> <td>6E975674F87A9B7E</td> </tr> <tr bgcolor=""#D4E4F3""> <td>FMEL_UPD_D</td> <td>12/5/2014 9:22:21 PM</td> </tr> <tr> <td>X_ADDR</td> <td>28878.2147</td> </tr> <tr bgcolor=""#D4E4F3""> <td>Y_ADDR</td> <td>30279.8445</td> </tr> <tr> <td>SHAPE_Length</td> <td>6831.130979</td> </tr> <tr bgcolor=""#D4E4F3""> <td>SHAPE_Area</td> <td>957581.110167</td> </tr> </table> </td> </tr> </table> </body> </html>",0.451987404129412
SOUTHERN ISLANDS,20844,11769.2618477827,2621.86343991017,6141.01113937314,"<html xmlns:fo=""http://www.w3.org/1999/XSL/Format"" xmlns:msxsl=""urn:schemas-microsoft-com:xslt""> <head> <META http-equiv=""Content-Type"" content=""text/html""> <meta http-equiv=""content-type"" content=""text/html; charset=UTF-8""> </head> <body style=""margin:0px 0px 0px 0px;overflow:auto;background:#FFFFFF;""> <table style=""font-family:Arial,Verdana,Times;font-size:12px;text-align:left;width:100%;border-collapse:collapse;padding:3px 3px 3px 3px""> <tr style=""text-align:center;font-weight:bold;background:#9CBCE2""> <td>SOUTHERN ISLANDS</td> </tr> <tr> <td> <table style=""font-family:Arial,Verdana,Times;font-size:12px;text-align:left;width:100%;border-spacing:0px; padding:3px 3px 3px 3px""> <tr> <td>SHAPE</td> <td>Polygon</td> </tr> <tr bgcolor=""#D4E4F3""> <td>Planning Area Name</td> <td>SOUTHERN ISLANDS</td> </tr> <tr> <td>Planning Area Code</td> <td>SI</td> </tr> <tr bgcolor=""#D4E4F3""> <td>Central Area Indicator</td> <td>N</td> </tr> <tr> <td>Region Name</td> <td>CENTRAL REGION</td> </tr> <tr bgcolor=""#D4E4F3""> <td>Region Code</td> <td>CR</td> </tr> <tr> <td>INC_CRC</td> <td>E82852AECAE993F7</td> </tr> <tr bgcolor=""#D4E4F3""> <td>FMEL_UPD_D</td> <td>12/5/2014 9:22:21 PM</td> </tr> <tr> <td>X_ADDR</td> <td>28281.6947</td> </tr> <tr bgcolor=""#D4E4F3""> <td>Y_ADDR</td> <td>25069.9827</td> </tr> <tr> <td>SHAPE_Length</td> <td>43123.170927</td> </tr> <tr bgcolor=""#D4E4F3""> <td>SHAPE_Area</td> <td>7125451.826051</td> </tr> </table> </td> </tr> </table> </body> </html>",0.438850432156616
STRAITS VIEW,298,161.382661111111,44.4502,81.1819055555556,"<html xmlns:fo=""http://www.w3.org/1999/XSL/Format"" xmlns:msxsl=""urn:schemas-microsoft-com:xslt""> <head> <META http-equiv=""Content-Type"" content=""text/html""> <meta http-equiv=""content-type"" content=""text/html; charset=UTF-8""> </head> <body style=""margin:0px 0px 0px 0px;overflow:auto;background:#FFFFFF;""> <table style=""font-family:Arial,Verdana,Times;font-size:12px;text-align:left;width:100%;border-collapse:collapse;padding:3px 3px 3px 3px""> <tr style=""text-align:center;font-weight:bold;background:#9CBCE2""> <td>STRAITS VIEW</td> </tr> <tr> <td> <table style=""font-family:Arial,Verdana,Times;font-size:12px;text-align:left;width:100%;border-spacing:0px; padding:3px 3px 3px 3px""> <tr> <td>SHAPE</td> <td>Polygon</td> </tr> <tr bgcolor=""#D4E4F3""> <td>Planning Area Name</td> <td>STRAITS VIEW</td> </tr> <tr> <td>Planning Area Code</td> <td>SV</td> </tr> <tr bgcolor=""#D4E4F3""> <td>Central Area Indicator</td> <td>Y</td> </tr> <tr> <td>Region Name</td> <td>CENTRAL REGION</td> </tr> <tr bgcolor=""#D4E4F3""> <td>Region Code</td> <td>CR</td> </tr> <tr> <td>INC_CRC</td> <td>214517996521BE9C</td> </tr> <tr bgcolor=""#D4E4F3""> <td>FMEL_UPD_D</td> <td>12/5/2014 9:22:21 PM</td> </tr> <tr> <td>X_ADDR</td> <td>30832.9017</td> </tr> <tr bgcolor=""#D4E4F3""> <td>Y_ADDR</td> <td>28194.0843</td> </tr> <tr> <td>SHAPE_Length</td> <td>5277.760827</td> </tr> <tr bgcolor=""#D4E4F3""> <td>SHAPE_Area</td> <td>1127297.237374</td> </tr> </table> </td> </tr> </table> </body> </html>",0.392390809097688
SUNGEI KADUT,1143,590.286244623656,231.660975652842,311.057847235023,"<html xmlns:fo=""http://www.w3.org/1999/XSL/Format"" xmlns:msxsl=""urn:schemas-microsoft-com:xslt""> <head> <META http-equiv=""Content-Type"" content=""text/html""> <meta http-equiv=""content-type"" content=""text/html; charset=UTF-8""> </head> <body style=""margin:0px 0px 0px 0px;overflow:auto;background:#FFFFFF;""> <table style=""font-family:Arial,Verdana,Times;font-size:12px;text-align:left;width:100%;border-collapse:collapse;padding:3px 3px 3px 3px""> <tr style=""text-align:center;font-weight:bold;background:#9CBCE2""> <td>SUNGEI KADUT</td> </tr> <tr> <td> <table style=""font-family:Arial,Verdana,Times;font-size:12px;text-align:left;width:100%;border-spacing:0px; padding:3px 3px 3px 3px""> <tr> <td>SHAPE</td> <td>Polygon</td> </tr> <tr bgcolor=""#D4E4F3""> <td>Planning Area Name</td> <td>SUNGEI KADUT</td> </tr> <tr> <td>Planning Area Code</td> <td>SK</td> </tr> <tr bgcolor=""#D4E4F3""> <td>Central Area Indicator</td> <td>N</td> </tr> <tr> <td>Region Name</td> <td>NORTH REGION</td> </tr> <tr bgcolor=""#D4E4F3""> <td>Region Code</td> <td>NR</td> </tr> <tr> <td>INC_CRC</td> <td>71B6667147A27784</td> </tr> <tr bgcolor=""#D4E4F3""> <td>FMEL_UPD_D</td> <td>12/5/2014 9:22:21 PM</td> </tr> <tr> <td>X_ADDR</td> <td>19558.1699</td> </tr> <tr bgcolor=""#D4E4F3""> <td>Y_ADDR</td> <td>44434.8383</td> </tr> <tr> <td>SHAPE_Length</td> <td>20237.353148</td> </tr> <tr bgcolor=""#D4E4F3""> <td>SHAPE_Area</td> <td>17589075.096528</td> </tr> </table> </td> </tr> </table> </body> </html>",0.313757890613136
TAMPINES,42061,22045.0807607751,8142.5261694626,11585.3882194581,"<html xmlns:fo=""http://www.w3.org/1999/XSL/Format"" xmlns:msxsl=""urn:schemas-microsoft-com:xslt""> <head> <META http-equiv=""Content-Type"" content=""text/html""> <meta http-equiv=""content-type"" content=""text/html; charset=UTF-8""> </head> <body style=""margin:0px 0px 0px 0px;overflow:auto;background:#FFFFFF;""> <table style=""font-family:Arial,Verdana,Times;font-size:12px;text-align:left;width:100%;border-collapse:collapse;padding:3px 3px 3px 3px""> <tr style=""text-align:center;font-weight:bold;background:#9CBCE2""> <td>TAMPINES</td> </tr> <tr> <td> <table style=""font-family:Arial,Verdana,Times;font-size:12px;text-align:left;width:100%;border-spacing:0px; padding:3px 3px 3px 3px""> <tr> <td>SHAPE</td> <td>Polygon</td> </tr> <tr bgcolor=""#D4E4F3""> <td>Planning Area Name</td> <td>TAMPINES</td> </tr> <tr> <td>Planning Area Code</td> <td>TM</td> </tr> <tr bgcolor=""#D4E4F3""> <td>Central Area Indicator</td> <td>N</td> </tr> <tr> <td>Region Name</td> <td>EAST REGION</td> </tr> <tr bgcolor=""#D4E4F3""> <td>Region Code</td> <td>ER</td> </tr> <tr> <td>INC_CRC</td> <td>A19EFC24681FB665</td> </tr> <tr bgcolor=""#D4E4F3""> <td>FMEL_UPD_D</td> <td>12/5/2014 9:22:21 PM</td> </tr> <tr> <td>X_ADDR</td> <td>41459.4794</td> </tr> <tr bgcolor=""#D4E4F3""> <td>Y_ADDR</td> <td>36200.4703</td> </tr> <tr> <td>SHAPE_Length</td> <td>22170.710624</td> </tr> <tr bgcolor=""#D4E4F3""> <td>SHAPE_Area</td> <td>20970769.15874</td> </tr> </table> </td> </tr> </table> </body> </html>",0.33053314451184
TANGLIN,4259,2383.90039799276,583.660413133263,1222.63535915725,"<html xmlns:fo=""http://www.w3.org/1999/XSL/Format"" xmlns:msxsl=""urn:schemas-microsoft-com:xslt""> <head> <META http-equiv=""Content-Type"" content=""text/html""> <meta http-equiv=""content-type"" content=""text/html; charset=UTF-8""> </head> <body style=""margin:0px 0px 0px 0px;overflow:auto;background:#FFFFFF;""> <table style=""font-family:Arial,Verdana,Times;font-size:12px;text-align:left;width:100%;border-collapse:collapse;padding:3px 3px 3px 3px""> <tr style=""text-align:center;font-weight:bold;background:#9CBCE2""> <td>TANGLIN</td> </tr> <tr> <td> <table style=""font-family:Arial,Verdana,Times;font-size:12px;text-align:left;width:100%;border-spacing:0px; padding:3px 3px 3px 3px""> <tr> <td>SHAPE</td> <td>Polygon</td> </tr> <tr bgcolor=""#D4E4F3""> <td>Planning Area Name</td> <td>TANGLIN</td> </tr> <tr> <td>Planning Area Code</td> <td>TN</td> </tr> <tr bgcolor=""#D4E4F3""> <td>Central Area Indicator</td> <td>N</td> </tr> <tr> <td>Region Name</td> <td>CENTRAL REGION</td> </tr> <tr bgcolor=""#D4E4F3""> <td>Region Code</td> <td>CR</td> </tr> <tr> <td>INC_CRC</td> <td>6C0F97AECAFBF790</td> </tr> <tr bgcolor=""#D4E4F3""> <td>FMEL_UPD_D</td> <td>12/5/2014 9:22:21 PM</td> </tr> <tr> <td>X_ADDR</td> <td>26250.0938</td> </tr> <tr bgcolor=""#D4E4F3""> <td>Y_ADDR</td> <td>32298.9257</td> </tr> <tr> <td>SHAPE_Length</td> <td>13832.394658</td> </tr> <tr bgcolor=""#D4E4F3""> <td>SHAPE_Area</td> <td>7552393.478396</td> </tr> </table> </td> </tr> </table> </body> </html>",0.422690768926861
TENGAH,224,115.936666666667,50.2914833333333,56.78165,"<html xmlns:fo=""http://www.w3.org/1999/XSL/Format"" xmlns:msxsl=""urn:schemas-microsoft-com:xslt""> <head> <META http-equiv=""Content-Type"" content=""text/html""> <meta http-equiv=""content-type"" content=""text/html; charset=UTF-8""> </head> <body style=""margin:0px 0px 0px 0px;overflow:auto;background:#FFFFFF;""> <table style=""font-family:Arial,Verdana,Times;font-size:12px;text-align:left;width:100%;border-collapse:collapse;padding:3px 3px 3px 3px""> <tr style=""text-align:center;font-weight:bold;background:#9CBCE2""> <td>TENGAH</td> </tr> <tr> <td> <table style=""font-family:Arial,Verdana,Times;font-size:12px;text-align:left;width:100%;border-spacing:0px; padding:3px 3px 3px 3px""> <tr> <td>SHAPE</td> <td>Polygon</td> </tr> <tr bgcolor=""#D4E4F3""> <td>Planning Area Name</td> <td>TENGAH</td> </tr> <tr> <td>Planning Area Code</td> <td>TH</td> </tr> <tr bgcolor=""#D4E4F3""> <td>Central Area Indicator</td> <td>N</td> </tr> <tr> <td>Region Name</td> <td>WEST REGION</td> </tr> <tr bgcolor=""#D4E4F3""> <td>Region Code</td> <td>WR</td> </tr> <tr> <td>INC_CRC</td> <td>7E6091D103E50A01</td> </tr> <tr bgcolor=""#D4E4F3""> <td>FMEL_UPD_D</td> <td>12/5/2014 9:22:21 PM</td> </tr> <tr> <td>X_ADDR</td> <td>16363.1893</td> </tr> <tr bgcolor=""#D4E4F3""> <td>Y_ADDR</td> <td>38432.5474</td> </tr> <tr> <td>SHAPE_Length</td> <td>12808.876532</td> </tr> <tr bgcolor=""#D4E4F3""> <td>SHAPE_Area</td> <td>7370557.681726</td> </tr> </table> </td> </tr> </table> </body> </html>",0.293058854166667
TOA PAYOH,11985,6332.38819736146,2302.55679038053,3239.53283189498,"<html xmlns:fo=""http://www.w3.org/1999/XSL/Format"" xmlns:msxsl=""urn:schemas-microsoft-com:xslt""> <head> <META http-equiv=""Content-Type"" content=""text/html""> <meta http-equiv=""content-type"" content=""text/html; charset=UTF-8""> </head> <body style=""margin:0px 0px 0px 0px;overflow:auto;background:#FFFFFF;""> <table style=""font-family:Arial,Verdana,Times;font-size:12px;text-align:left;width:100%;border-collapse:collapse;padding:3px 3px 3px 3px""> <tr style=""text-align:center;font-weight:bold;background:#9CBCE2""> <td>TOA PAYOH</td> </tr> <tr> <td> <table style=""font-family:Arial,Verdana,Times;font-size:12px;text-align:left;width:100%;border-spacing:0px; padding:3px 3px 3px 3px""> <tr> <td>SHAPE</td> <td>Polygon</td> </tr> <tr bgcolor=""#D4E4F3""> <td>Planning Area Name</td> <td>TOA PAYOH</td> </tr> <tr> <td>Planning Area Code</td> <td>TP</td> </tr> <tr bgcolor=""#D4E4F3""> <td>Central Area Indicator</td> <td>N</td> </tr> <tr> <td>Region Name</td> <td>CENTRAL REGION</td> </tr> <tr bgcolor=""#D4E4F3""> <td>Region Code</td> <td>CR</td> </tr> <tr> <td>INC_CRC</td> <td>16620AB9EA735CA3</td> </tr> <tr bgcolor=""#D4E4F3""> <td>FMEL_UPD_D</td> <td>12/5/2014 9:22:21 PM</td> </tr> <tr> <td>X_ADDR</td> <td>31083.529</td> </tr> <tr bgcolor=""#D4E4F3""> <td>Y_ADDR</td> <td>35429.2137</td> </tr> <tr> <td>SHAPE_Length</td> <td>13840.367957</td> </tr> <tr bgcolor=""#D4E4F3""> <td>SHAPE_Area</td> <td>8180212.904301</td> </tr> </table> </td> </tr> </table> </body> </html>",0.33623958339432
TUAS,652,334.008058333333,123.270458333333,184.733733333333,"<html xmlns:fo=""http://www.w3.org/1999/XSL/Format"" xmlns:msxsl=""urn:schemas-microsoft-com:xslt""> <head> <META http-equiv=""Content-Type"" content=""text/html""> <meta http-equiv=""content-type"" content=""text/html; charset=UTF-8""> </head> <body style=""margin:0px 0px 0px 0px;overflow:auto;background:#FFFFFF;""> <table style=""font-family:Arial,Verdana,Times;font-size:12px;text-align:left;width:100%;border-collapse:collapse;padding:3px 3px 3px 3px""> <tr style=""text-align:center;font-weight:bold;background:#9CBCE2""> <td>TUAS</td> </tr> <tr> <td> <table style=""font-family:Arial,Verdana,Times;font-size:12px;text-align:left;width:100%;border-spacing:0px; padding:3px 3px 3px 3px""> <tr> <td>SHAPE</td> <td>Polygon</td> </tr> <tr bgcolor=""#D4E4F3""> <td>Planning Area Name</td> <td>TUAS</td> </tr> <tr> <td>Planning Area Code</td> <td>TS</td> </tr> <tr bgcolor=""#D4E4F3""> <td>Central Area Indicator</td> <td>N</td> </tr> <tr> <td>Region Name</td> <td>WEST REGION</td> </tr> <tr bgcolor=""#D4E4F3""> <td>Region Code</td> <td>WR</td> </tr> <tr> <td>INC_CRC</td> <td>69B4325D39BB4475</td> </tr> <tr bgcolor=""#D4E4F3""> <td>FMEL_UPD_D</td> <td>12/5/2014 9:22:21 PM</td> </tr> <tr> <td>X_ADDR</td> <td>5687.9711</td> </tr> <tr bgcolor=""#D4E4F3""> <td>Y_ADDR</td> <td>28998.2549</td> </tr> <tr> <td>SHAPE_Length</td> <td>71846.942555</td> </tr> <tr bgcolor=""#D4E4F3""> <td>SHAPE_Area</td> <td>45289470.82596</td> </tr> </table> </td> </tr> </table> </body> </html>",0.32321717791411
WESTERN ISLANDS,104,48.7772243589744,22.9015192307692,28.3320064102564,"<html xmlns:fo=""http://www.w3.org/1999/XSL/Format"" xmlns:msxsl=""urn:schemas-microsoft-com:xslt""> <head> <META http-equiv=""Content-Type"" content=""text/html""> <meta http-equiv=""content-type"" content=""text/html; charset=UTF-8""> </head> <body style=""margin:0px 0px 0px 0px;overflow:auto;background:#FFFFFF;""> <table style=""font-family:Arial,Verdana,Times;font-size:12px;text-align:left;width:100%;border-collapse:collapse;padding:3px 3px 3px 3px""> <tr style=""text-align:center;font-weight:bold;background:#9CBCE2""> <td>WESTERN ISLANDS</td> </tr> <tr> <td> <table style=""font-family:Arial,Verdana,Times;font-size:12px;text-align:left;width:100%;border-spacing:0px; padding:3px 3px 3px 3px""> <tr> <td>SHAPE</td> <td>Polygon</td> </tr> <tr bgcolor=""#D4E4F3""> <td>Planning Area Name</td> <td>WESTERN ISLANDS</td> </tr> <tr> <td>Planning Area Code</td> <td>WI</td> </tr> <tr bgcolor=""#D4E4F3""> <td>Central Area Indicator</td> <td>N</td> </tr> <tr> <td>Region Name</td> <td>WEST REGION</td> </tr> <tr bgcolor=""#D4E4F3""> <td>Region Code</td> <td>WR</td> </tr> <tr> <td>INC_CRC</td> <td>B767C4DCBED24803</td> </tr> <tr bgcolor=""#D4E4F3""> <td>FMEL_UPD_D</td> <td>12/5/2014 9:22:21 PM</td> </tr> <tr> <td>X_ADDR</td> <td>14167.0322</td> </tr> <tr bgcolor=""#D4E4F3""> <td>Y_ADDR</td> <td>25793.2301</td> </tr> <tr> <td>SHAPE_Length</td> <td>111546.683409</td> </tr> <tr bgcolor=""#D4E4F3""> <td>SHAPE_Area</td> <td>45878779.116787</td> </tr> </table> </td> </tr> </table> </body> </html>",0.248804857001972
WESTERN WATER CATCHMENT,2954,1507.36767811094,576.522022788812,819.286046250318,"<html xmlns:fo=""http://www.w3.org/1999/XSL/Format"" xmlns:msxsl=""urn:schemas-microsoft-com:xslt""> <head> <META http-equiv=""Content-Type"" content=""text/html""> <meta http-equiv=""content-type"" content=""text/html; charset=UTF-8""> </head> <body style=""margin:0px 0px 0px 0px;overflow:auto;background:#FFFFFF;""> <table style=""font-family:Arial,Verdana,Times;font-size:12px;text-align:left;width:100%;border-collapse:collapse;padding:3px 3px 3px 3px""> <tr style=""text-align:center;font-weight:bold;background:#9CBCE2""> <td>WESTERN WATER CATCHMENT</td> </tr> <tr> <td> <table style=""font-family:Arial,Verdana,Times;font-size:12px;text-align:left;width:100%;border-spacing:0px; padding:3px 3px 3px 3px""> <tr> <td>SHAPE</td> <td>Polygon</td> </tr> <tr bgcolor=""#D4E4F3""> <td>Planning Area Name</td> <td>WESTERN WATER CATCHMENT</td> </tr> <tr> <td>Planning Area Code</td> <td>WC</td> </tr> <tr bgcolor=""#D4E4F3""> <td>Central Area Indicator</td> <td>N</td> </tr> <tr> <td>Region Name</td> <td>WEST REGION</td> </tr> <tr bgcolor=""#D4E4F3""> <td>Region Code</td> <td>WR</td> </tr> <tr> <td>INC_CRC</td> <td>82062B23F9087DE0</td> </tr> <tr bgcolor=""#D4E4F3""> <td>FMEL_UPD_D</td> <td>12/5/2014 9:22:21 PM</td> </tr> <tr> <td>X_ADDR</td> <td>12020.342</td> </tr> <tr bgcolor=""#D4E4F3""> <td>Y_ADDR</td> <td>40454.871</td> </tr> <tr> <td>SHAPE_Length</td> <td>44305.660568</td> </tr> <tr bgcolor=""#D4E4F3""> <td>SHAPE_Area</td> <td>69748298.792012</td> </tr> </table> </td> </tr> </table> </body> </html>",0.315113627394086
WOODLANDS,42074,21791.1685505871,8776.09491948234,11317.8700778821,"<html xmlns:fo=""http://www.w3.org/1999/XSL/Format"" xmlns:msxsl=""urn:schemas-microsoft-com:xslt""> <head> <META http-equiv=""Content-Type"" content=""text/html""> <meta http-equiv=""content-type"" content=""text/html; charset=UTF-8""> </head> <body style=""margin:0px 0px 0px 0px;overflow:auto;background:#FFFFFF;""> <table style=""font-family:Arial,Verdana,Times;font-size:12px;text-align:left;width:100%;border-collapse:collapse;padding:3px 3px 3px 3px""> <tr style=""text-align:center;font-weight:bold;background:#9CBCE2""> <td>WOODLANDS</td> </tr> <tr> <td> <table style=""font-family:Arial,Verdana,Times;font-size:12px;text-align:left;width:100%;border-spacing:0px; padding:3px 3px 3px 3px""> <tr> <td>SHAPE</td> <td>Polygon</td> </tr> <tr bgcolor=""#D4E4F3""> <td>Planning Area Name</td> <td>WOODLANDS</td> </tr> <tr> <td>Planning Area Code</td> <td>WD</td> </tr> <tr bgcolor=""#D4E4F3""> <td>Central Area Indicator</td> <td>N</td> </tr> <tr> <td>Region Name</td> <td>NORTH REGION</td> </tr> <tr bgcolor=""#D4E4F3""> <td>Region Code</td> <td>NR</td> </tr> <tr> <td>INC_CRC</td> <td>57F29EEC463EBBFC</td> </tr> <tr bgcolor=""#D4E4F3""> <td>FMEL_UPD_D</td> <td>12/5/2014 9:22:21 PM</td> </tr> <tr> <td>X_ADDR</td> <td>22923.7968</td> </tr> <tr bgcolor=""#D4E4F3""> <td>Y_ADDR</td> <td>46928.6271</td> </tr> <tr> <td>SHAPE_Length</td> <td>16932.546528</td> </tr> <tr bgcolor=""#D4E4F3""> <td>SHAPE_Area</td> <td>13613633.273379</td> </tr> </table> </td> </tr> </table> </body> </html>",0.3093376819676
YISHUN,26765,13836.8529078022,5541.5899050848,7119.76949381479,"<html xmlns:fo=""http://www.w3.org/1999/XSL/Format"" xmlns:msxsl=""urn:schemas-microsoft-com:xslt""> <head> <META http-equiv=""Content-Type"" content=""text/html""> <meta http-equiv=""content-type"" content=""text/html; charset=UTF-8""> </head> <body style=""margin:0px 0px 0px 0px;overflow:auto;background:#FFFFFF;""> <table style=""font-family:Arial,Verdana,Times;font-size:12px;text-align:left;width:100%;border-collapse:collapse;padding:3px 3px 3px 3px""> <tr style=""text-align:center;font-weight:bold;background:#9CBCE2""> <td>YISHUN</td> </tr> <tr> <td> <table style=""font-family:Arial,Verdana,Times;font-size:12px;text-align:left;width:100%;border-spacing:0px; padding:3px 3px 3px 3px""> <tr> <td>SHAPE</td> <td>Polygon</td> </tr> <tr bgcolor=""#D4E4F3""> <td>Planning Area Name</td> <td>YISHUN</td> </tr> <tr> <td>Planning Area Code</td> <td>YS</td> </tr> <tr bgcolor=""#D4E4F3""> <td>Central Area Indicator</td> <td>N</td> </tr> <tr> <td>Region Name</td> <td>NORTH REGION</td> </tr> <tr bgcolor=""#D4E4F3""> <td>Region Code</td> <td>NR</td> </tr> <tr> <td>INC_CRC</td> <td>8E97EE13381B69DA</td> </tr> <tr bgcolor=""#D4E4F3""> <td>FMEL_UPD_D</td> <td>12/5/2014 9:22:21 PM</td> </tr> <tr> <td>X_ADDR</td> <td>28404.036</td> </tr> <tr bgcolor=""#D4E4F3""> <td>Y_ADDR</td> <td>44086.2199</td> </tr> <tr> <td>SHAPE_Length</td> <td>22781.571718</td> </tr> <tr bgcolor=""#D4E4F3""> <td>SHAPE_Area</td> <td>20874528.873136</td> </tr> </table> </td> </tr> </table> </body> </html>",0.309929497579579
